dataset,method,track,level,outer_seed,cells,macro_f1_mean,macro_f1_std,auprc_mean,auprc_std,far_mean,far_std,fault_recall_mean,fault_recall_std,early_recall_mean,early_recall_std,detection_delay_mean,detection_delay_std,worst_cell_macro_f1,worst_outer_seed,worst_model_seed,worst_run_id
3W,AutoTCL,TRACK_A_MECHANISM_ADAPTATION,split,31001,5,0.4299405715185551,0.05743093959553374,0.7594533496792412,0.061886837265005455,0.3319397545157313,0.17737847774691323,0.7761543167668334,0.13215317406939786,0.7838254567882199,0.14042940508166055,508.4666666666667,230.69892425148768,,,,
3W,AutoTCL,TRACK_A_MECHANISM_ADAPTATION,split,31002,5,0.22964125722135292,0.09938358173589194,0.6304416860040567,0.0508635883876672,0.9737822365074728,0.032756866308938676,0.9281299303944316,0.13670186476769655,0.930249768732655,0.12947201157145075,21.666666666666664,13.597385369580758,,,,
3W,AutoTCL,TRACK_A_MECHANISM_ADAPTATION,split,31003,5,0.3566215334376994,0.07414893611956737,0.8606163460249334,0.040046907076367926,0.7627243200682392,0.22677240430113524,0.8279242685025817,0.1701447593551962,0.8244326508544029,0.17422409821452964,65.27358974358974,30.116887748888633,,,,
3W,AutoTCL,TRACK_A_MECHANISM_ADAPTATION,overall,ALL,15,0.3387344540592025,0.1013405868026322,0.7501704605694104,0.11536777085304459,0.6894821036971477,0.327129576187391,0.8440695052212823,0.077263499052906,0.8461692921250926,0.075593524606267,198.46897435897435,269.3498057584786,0.061996330988815226,31002,45,3w-outer31002-seed45-autotcl
3W,DCBR,TRACK_A_FROZEN_PAPER_FINAL_REFERENCE,split,31001,5,0.41338336931579833,0.10723045923087064,0.8041376312425637,0.022856375547695162,0.34680459523681906,0.16251892429525888,0.9023716126246086,0.05447518570556452,0.9091588929149641,0.05120916720580141,550.2190476190475,267.71256119110495,,,,
3W,DCBR,TRACK_A_FROZEN_PAPER_FINAL_REFERENCE,split,31002,5,0.21788435422999886,0.1538283343769537,0.6494603287643463,0.06873402142144294,0.839886150882547,0.2828352293073279,0.8501345707656613,0.1309846095230753,0.8440127454003494,0.130595010115988,1961.7993939393934,2490.5466721106495,,,,
3W,DCBR,TRACK_A_FROZEN_PAPER_FINAL_REFERENCE,split,31003,5,0.32979676287608184,0.018874544621352518,0.8610296682454036,0.0181282629515462,0.8002624585807553,0.11230128721593616,0.89007917383821,0.11786081632673483,0.889298976993014,0.1190671774255822,72.43588078588078,13.03981614135784,,,,
3W,DCBR,TRACK_A_FROZEN_PAPER_FINAL_REFERENCE,overall,ALL,15,0.320354828807293,0.09809092116041591,0.7715425427507712,0.10948619181181501,0.6623177349000405,0.27395969634786493,0.8808617857428267,0.027311120775593205,0.880823538436109,0.033389817730078805,861.4847741147738,982.3891212636314,0.09769436595699868,31002,43,3w-outer31002-seed43-dcbr
3W,FINAL_QDIFFCL,TRACK_A_FROZEN_PAPER_FINAL_REFERENCE,split,31001,5,0.35191057050497687,0.11974341225567484,0.8196783489616412,0.03717649963504167,0.3752979221382502,0.1801579911089587,0.9146219455140894,0.06345818522405017,0.9213861691465578,0.056665061830428895,296.8085213032582,229.55300515291688,,,,
3W,FINAL_QDIFFCL,TRACK_A_FROZEN_PAPER_FINAL_REFERENCE,split,31002,5,0.2875226800168839,0.15490931321272142,0.6746485657178667,0.027056105663667892,0.7715918314340444,0.3357146793464758,0.8741716937354989,0.0977798210575334,0.8642203720834617,0.10703925328642855,2362.7193939393937,2336.7750173646614,,,,
3W,FINAL_QDIFFCL,TRACK_A_FROZEN_PAPER_FINAL_REFERENCE,split,31003,5,0.325276569678975,0.04309196720959146,0.8676213252319875,0.01714811788879104,0.8075128768741184,0.07600198266159723,0.9474175559380379,0.029526063499823913,0.9487159056955452,0.02757426238754775,85.65168165168166,23.947095134313535,,,,
3W,FINAL_QDIFFCL,TRACK_A_FROZEN_PAPER_FINAL_REFERENCE,overall,ALL,15,0.3215699400669452,0.032353584618821526,0.7873160799704984,0.10047441873091371,0.6514675434821376,0.23984333468182228,0.9120703983958753,0.03668953361615113,0.9114408156418549,0.043116775648786784,915.0598656314445,1258.1476007045062,0.12558438107023245,31002,42,3w-outer31002-seed42-final_qdiffcl
3W,FRERA,TRACK_A_FROZEN_PAPER_FINAL_REFERENCE,split,31001,5,0.44324945183417397,0.06727450206966833,0.7813040924455971,0.10050276966456356,0.2183166282539172,0.19368629637907034,0.7910893583330334,0.13886573589832552,0.8033305065145324,0.1473307162220879,814.9852380952382,816.3909259335945,,,,
3W,FRERA,TRACK_A_FROZEN_PAPER_FINAL_REFERENCE,split,31002,5,0.2573995151968457,0.09471806765922507,0.4537070288593149,0.23396353778694595,0.8860166877698777,0.1589954380801807,0.912631090487239,0.09482408937772045,0.9060335080686608,0.10656484296290081,1114.7083333333335,2083.422020195647,,,,
3W,FRERA,TRACK_A_FROZEN_PAPER_FINAL_REFERENCE,split,31003,5,0.299598707095838,0.04338152404108894,0.8629715651405536,0.01020709597696757,0.7688067976772416,0.1480643846044795,0.827643373493976,0.1618298147412408,0.8242334561700554,0.1643196895120627,4101.859230769231,9014.662132368288,,,,
3W,FRERA,TRACK_A_FROZEN_PAPER_FINAL_REFERENCE,overall,ALL,15,0.3334158913756193,0.09743075080016703,0.6993275621484886,0.2165975041500684,0.6243800379003455,0.35651109249803753,0.8437879407714162,0.062358507464443116,0.8445324902510829,0.05427720258565156,2010.5176007326008,1817.3444482535435,0.14015012080565503,31002,42,3w-outer31002-seed42-frera
3W,JITTER,TRACK_A_FROZEN_PAPER_FINAL_REFERENCE,split,31001,5,0.3692716468118345,0.12293528762615738,0.8108500846831234,0.03570286181010793,0.39149916921262795,0.21298960171677828,0.9116925180839962,0.05551263112533547,0.9189730938246858,0.053136667799241165,523.0952380952381,356.7390733293864,,,,
3W,JITTER,TRACK_A_FROZEN_PAPER_FINAL_REFERENCE,split,31002,5,0.200018582410674,0.09339052063472676,0.6504576362871953,0.018016511336020297,0.9349739727065138,0.06930038467860933,0.8398886310904873,0.119940561252383,0.832521327988488,0.11778027416506447,2247.578787878788,2291.6656695815514,,,,
3W,JITTER,TRACK_A_FROZEN_PAPER_FINAL_REFERENCE,split,31003,5,0.33422771946564034,0.05930805371410477,0.8594376578139602,0.007326862467353582,0.6837767789770677,0.18387703195158614,0.8435166953528398,0.1655660605036097,0.8410454875289899,0.17091607239781748,2652.5065334665337,5672.5791858878865,,,,
3W,JITTER,TRACK_A_FROZEN_PAPER_FINAL_REFERENCE,overall,ALL,15,0.3011726495627163,0.08933716016871839,0.773581792928093,0.10936112895853503,0.6700833069654032,0.2719960457248968,0.8650326148424411,0.04044935896224319,0.8641799697807212,0.04764325929070083,1807.7268531468533,1130.796360791493,0.12968317573050106,31002,42,3w-outer31002-seed42-jitter
3W,JITTER_SCALING,TRACK_A_FROZEN_PAPER_FINAL_REFERENCE,split,31001,5,0.400797319829322,0.11654223052626464,0.8171491170631249,0.039907607849840224,0.3483589716102982,0.16428819515366855,0.8980170583366321,0.056122645314945964,0.9070233598026366,0.051496880411163314,426.1398496240601,240.55073074347166,,,,
3W,JITTER_SCALING,TRACK_A_FROZEN_PAPER_FINAL_REFERENCE,split,31002,5,0.22714635251772952,0.05500055349307076,0.6219366664593786,0.06116054058250635,0.9173814702985833,0.1008968183381337,0.8301624129930394,0.11422759912419338,0.8224483502929386,0.11149770499244387,2066.608484848485,1927.1932128470435,,,,
3W,JITTER_SCALING,TRACK_A_FROZEN_PAPER_FINAL_REFERENCE,split,31003,5,0.3487898969574733,0.06448643117463872,0.8579268034855921,0.018928139758709838,0.7017617532233195,0.20571392675526243,0.8860089500860585,0.0739585980051131,0.8847004254229329,0.07483904127132535,92.62289377289378,47.644788805499815,,,,
3W,JITTER_SCALING,TRACK_A_FROZEN_PAPER_FINAL_REFERENCE,overall,ALL,15,0.3255778564348416,0.08912218428080161,0.7656708623360319,0.1261362129831214,0.655834065044067,0.28727802806598846,0.87139614047191,0.03621068733524264,0.8713907118395028,0.04383029106846185,861.7904094151463,1056.644848626173,0.15069395454822207,31002,44,3w-outer31002-seed44-jitter_scaling
3W,NO_AUG,TRACK_A_FROZEN_PAPER_FINAL_REFERENCE,split,31001,5,0.35586324631456323,0.13206999288443025,0.8049185698188832,0.029919668823883194,0.4086902145754051,0.22624427241759576,0.925490337208047,0.05497248032643306,0.9308688613059903,0.04981178024457648,438.67619047619047,313.24683709876615,,,,
3W,NO_AUG,TRACK_A_FROZEN_PAPER_FINAL_REFERENCE,split,31002,5,0.23417437240687025,0.16304808700180207,0.6707126559774204,0.05650008003791147,0.7738147029858339,0.30164770013562753,0.8167238979118331,0.09316377988338821,0.8094562647754137,0.08840458352886288,1844.0581818181818,2030.3985740368496,,,,
3W,NO_AUG,TRACK_A_FROZEN_PAPER_FINAL_REFERENCE,split,31003,5,0.3033160104474065,0.040646552143051615,0.8617943018434172,0.01665588052056102,0.7324497227781241,0.18941665247167516,0.8711628227194492,0.16757830423553066,0.871755616578689,0.17194008094237762,117.40372627372628,57.749431427199696,,,,
3W,NO_AUG,TRACK_A_FROZEN_PAPER_FINAL_REFERENCE,overall,ALL,15,0.29778454305628,0.06103272365587925,0.7791418425465736,0.09811411008803897,0.6383182134464543,0.19993631184964378,0.8711256859464432,0.05438322915797826,0.8706935808866977,0.06071326534565941,800.0460328560329,918.3000732054333,0.10913320223545936,31002,43,3w-outer31002-seed43-no_aug
3W,SCALING,TRACK_A_FROZEN_PAPER_FINAL_REFERENCE,split,31001,5,0.41156349324996294,0.10840161867851492,0.8043127626217016,0.023120262556410996,0.3469064336888746,0.16253684826399617,0.9026235289883757,0.054093013492967836,0.9093593400663018,0.050925462972428524,551.4380952380952,267.98823543406854,,,,
3W,SCALING,TRACK_A_FROZEN_PAPER_FINAL_REFERENCE,split,31002,5,0.2206500835414542,0.06756295799258874,0.6396137784069394,0.0217222093627862,0.9534214257112865,0.03952171435826802,0.827508120649652,0.04948731724683972,0.8091684654126837,0.05466388849908864,3286.8921212121213,1469.5463292442416,,,,
3W,SCALING,TRACK_A_FROZEN_PAPER_FINAL_REFERENCE,split,31003,5,0.3287030261642972,0.056021137437281925,0.8667179522068397,0.01758393700206174,0.8232341458613563,0.08026064223864322,0.8973576592082617,0.11683601151257539,0.8972496905368297,0.11894300192496014,81.21098901098901,33.028132563089294,,,,
3W,SCALING,TRACK_A_FROZEN_PAPER_FINAL_REFERENCE,overall,ALL,15,0.32030553431857145,0.0957333322495697,0.7702148310784936,0.11732893138939686,0.7078540017538391,0.319295383818323,0.8758297696154299,0.04193052188101376,0.8719258320052719,0.0546857037913843,1306.5137351537353,1731.0985809112933,0.14608072951932247,31002,44,3w-outer31002-seed44-scaling
3W,SoftCLT,TRACK_A_MECHANISM_ADAPTATION,split,31001,5,0.3658952388015133,0.10932093699224774,0.7635595074455379,0.07673147655977593,0.2682103232030873,0.2917332192838327,0.8843415985892683,0.10037368471195984,0.8979955284866239,0.08856901694080803,1217.841904761905,1635.6227407750814,,,,
3W,SoftCLT,TRACK_A_MECHANISM_ADAPTATION,split,31002,5,0.3093946473619084,0.10212264690545167,0.7097257065297264,0.2194229628657717,0.8102377628431977,0.26949154886266197,0.9966218097447797,0.0024769326240272707,0.9974714770274437,0.0026211306787245546,71.26666666666667,67.45138166775301,,,,
3W,SoftCLT,TRACK_A_MECHANISM_ADAPTATION,split,31003,5,0.3469717768925505,0.044466924647851194,0.8559826365006789,0.01704853675959759,0.751136773727896,0.19641254770811659,0.8665087779690189,0.18326056901213245,0.8640980037846988,0.18730065821171354,83.23948717948717,37.81587670846009,,,,
3W,SoftCLT,TRACK_A_MECHANISM_ADAPTATION,overall,ALL,15,0.34075388768532405,0.028758925882259503,0.7764226168253144,0.07397206958250586,0.609861619924727,0.29735069891003313,0.9158240621010223,0.07053870845887895,0.9198550030995888,0.06932170160905195,457.44935286935294,658.5464765967613,0.23823193696485817,31001,42,3w-outer31001-seed42-softclt
3W,TF-C,TRACK_B_METHOD_NATIVE_REPRESENTATION,split,31001,5,0.489278332538362,0.07797316395587883,0.8631168935992564,0.035696361175116605,0.35461042325489983,0.17726600582511692,0.9788678158851262,0.01409131924160296,0.9785367357952355,0.014564754241765033,235.0971428571429,220.1591014473701,,,,
3W,TF-C,TRACK_B_METHOD_NATIVE_REPRESENTATION,split,31002,5,0.2526380083621662,0.04171447218431455,0.44105767168038046,0.23702895959307171,0.9191519755852082,0.010913088344947124,0.9984965197215777,0.0011393032790291467,0.9987254599650528,0.0009493061888390392,25.4,5.529717694220726,,,,
3W,TF-C,TRACK_B_METHOD_NATIVE_REPRESENTATION,split,31003,5,0.27570216016019183,0.035737046023019116,0.8838420335443976,0.018261655004788765,0.8868344214428661,0.08202127418271898,0.9759917383820997,0.018453617090383612,0.9754364497815973,0.018799328057629162,532.8666666666666,765.0506330375207,,,,
3W,TF-C,TRACK_B_METHOD_NATIVE_REPRESENTATION,overall,ALL,15,0.33920616702024003,0.13047693252837664,0.7293388662746781,0.24987380459738656,0.7201989400943246,0.31702102266265186,0.9844520246629346,0.012247605339005787,0.9842328818472952,0.012646306129303937,264.45460317460316,255.00392114958322,0.181791535646276,31002,43,3w-outer31002-seed43-tf_c
3W,TS2Vec,TRACK_B_METHOD_NATIVE_REPRESENTATION,split,31001,5,0.2775309072087788,0.10480301923109837,0.498363698917462,0.27303972971294727,0.4551857211770381,0.13412608095087866,0.713254399539353,0.2922595797930135,0.7228278467350243,0.3031023792009733,585.3219047619046,708.4643085562335,,,,
3W,TS2Vec,TRACK_B_METHOD_NATIVE_REPRESENTATION,split,31002,5,0.17486162474816067,0.07459994926631075,0.27826570556198293,0.23019463225068654,0.8834020540458644,0.056177704115236204,0.8224779582366588,0.08333986326054249,0.8163017781889197,0.0899466215454211,2913.715151515152,2333.2363118544,,,,
3W,TS2Vec,TRACK_B_METHOD_NATIVE_REPRESENTATION,split,31003,5,0.26678821102724937,0.04000156880926765,0.7294071407479428,0.04984594221220296,0.6499655523112758,0.25197392993836476,0.7690712564543889,0.1802756236061391,0.7692414950983879,0.18840906564951765,298.4885714285714,179.323962675291,,,,
3W,TS2Vec,TRACK_B_METHOD_NATIVE_REPRESENTATION,overall,ALL,15,0.23972691432806295,0.056431203465153894,0.5020121817424625,0.22559284608693855,0.6628511091780594,0.21439877591938739,0.7682678714101335,0.05461621109407858,0.769457040007444,0.04673733850004456,1265.841875901876,1434.2883565162545,0.07711869006239165,31002,42,3w-outer31002-seed42-ts2vec
3W,UNIFORM_DIFFUSION,TRACK_A_FROZEN_PAPER_FINAL_REFERENCE,split,31001,5,0.3721486515482952,0.14252967178960496,0.8228511658497766,0.04091647718017038,0.37135838201925997,0.18837824498053451,0.913585489617447,0.0647302085693141,0.9186030375452934,0.058851660360692434,440.2390476190476,304.0940629106489,,,,
3W,UNIFORM_DIFFUSION,TRACK_A_FROZEN_PAPER_FINAL_REFERENCE,split,31002,5,0.2413198041140237,0.11102606612392012,0.6409377365925651,0.023280158176145635,0.8340227048905339,0.28237363302418456,0.8546078886310905,0.11890169811908395,0.8403330249768732,0.1303079521789402,2987.3844444444444,2721.3741365052156,,,,
3W,UNIFORM_DIFFUSION,TRACK_A_FROZEN_PAPER_FINAL_REFERENCE,split,31003,5,0.31620328165531975,0.04069867816295525,0.8676439931594461,0.012206106663310972,0.7770086283258423,0.10989674234863667,0.9437025817555937,0.0263742107292269,0.9456853008551143,0.02428321903512559,105.42197802197802,40.569268784319334,,,,
3W,UNIFORM_DIFFUSION,TRACK_A_FROZEN_PAPER_FINAL_REFERENCE,overall,ALL,15,0.3098905791058795,0.06564247474275518,0.7771442985339293,0.12006569027625445,0.660796571745212,0.2522766348386396,0.9039653200013772,0.045319717930706695,0.9015404544590936,0.05470945361051739,1177.6818233618233,1576.164109503948,0.12849488629077457,31002,44,3w-outer31002-seed44-uniform_diffusion
TEP,AutoTCL,TRACK_A_MECHANISM_ADAPTATION,split,32001,5,0.9257341363021595,0.024755537089892317,0.9730504073387131,0.013643159859777463,0.013433858807402329,0.013198195917105865,0.8554338668913226,0.04356259479760235,0.7875,0.07029513674501246,90.52053105737318,13.950995637312399,,,,
TEP,AutoTCL,TRACK_A_MECHANISM_ADAPTATION,split,32002,5,0.9169715684677678,0.009119229615410096,0.9721884268981051,0.009419099523703952,0.006995003568879371,0.0034748498057496314,0.8316764953664701,0.01607752715479726,0.77,0.017343046156889502,97.30004498425549,4.704297404679479,,,,
TEP,AutoTCL,TRACK_A_MECHANISM_ADAPTATION,split,32003,5,0.9642749431426848,0.005775385783837003,0.994520528475833,0.0016434350816956268,0.021828103683492497,0.0038887292806928306,0.9483443708609272,0.012912315235537639,0.9649999999999999,0.01956559480312315,73.64,1.219836054558151,,,,
TEP,AutoTCL,TRACK_A_MECHANISM_ADAPTATION,overall,ALL,15,0.9356602159708708,0.02516540496596658,0.9799197875708837,0.012651955532647611,0.014085655353258064,0.00743799998692028,0.8784849110395733,0.06165518040149572,0.8408333333333333,0.10788690065681429,87.15352534720955,12.184087070989529,0.9017028060391049,32001,2026,tep-outer32001-seed2026-autotcl
TEP,DCBR,TRACK_A_FROZEN_PAPER_FINAL_REFERENCE,split,32001,5,0.9452589858338267,0.0234102100473514,0.9826364124512125,0.012571781976226375,0.020562028786840304,0.01832085867666026,0.9054759898904802,0.029853291950894773,0.8574999999999999,0.05437859183539054,86.36923076923077,11.068644668885556,,,,
TEP,DCBR,TRACK_A_FROZEN_PAPER_FINAL_REFERENCE,split,32002,5,0.9255163593814082,0.012146129135676476,0.9784513259304317,0.009235423958443527,0.01284796573875803,0.006160841007006448,0.8561078348778433,0.024441505017004,0.8025,0.022360679774997918,93.40558704453443,6.8342023232564575,,,,
TEP,DCBR,TRACK_A_FROZEN_PAPER_FINAL_REFERENCE,split,32003,5,0.9751409173497969,0.0046057730339242675,0.9970748417604636,0.0010852333163271048,0.01869031377899045,0.005678487145502705,0.9682119205298013,0.006638019932691896,0.9862500000000001,0.010269797953221886,73.16,0.4560701700396567,,,,
TEP,DCBR,TRACK_A_FROZEN_PAPER_FINAL_REFERENCE,overall,ALL,15,0.948638754188344,0.024984321363349857,0.9860541933807027,0.009770862568338146,0.017366769434862928,0.004023744450210657,0.9099319150993749,0.05618472174057495,0.8820833333333334,0.09430944190977562,84.31160593792173,10.278439261593647,0.9036541792384734,32001,2026,tep-outer32001-seed2026-dcbr
TEP,FINAL_QDIFFCL,TRACK_A_FROZEN_PAPER_FINAL_REFERENCE,split,32001,5,0.9430691420592643,0.02397275799778064,0.9820282937899851,0.012439639283477336,0.02193283070596299,0.015905142406953107,0.9024431339511374,0.03523457321381535,0.85125,0.06751735887903199,86.30758434547909,10.103810158131159,,,,
TEP,FINAL_QDIFFCL,TRACK_A_FROZEN_PAPER_FINAL_REFERENCE,split,32002,5,0.9259185415465272,0.012016765189838782,0.97849747844173,0.009512230392653859,0.015988579586009993,0.006173232922323955,0.8604886267902275,0.022341873564316567,0.8099999999999999,0.020058508169851528,93.36564102564103,6.350839399499725,,,,
TEP,FINAL_QDIFFCL,TRACK_A_FROZEN_PAPER_FINAL_REFERENCE,split,32003,5,0.9759852389584758,0.005560162976085062,0.997122284682588,0.0011396018371767009,0.020600272851296043,0.005422812254939097,0.9723509933774835,0.008165626023614354,0.99,0.00947859430506445,72.92,0.334664010613635,,,,
TEP,FINAL_QDIFFCL,TRACK_A_FROZEN_PAPER_FINAL_REFERENCE,overall,ALL,15,0.9483243075214224,0.02544368527672238,0.9858826856381011,0.009892578241615933,0.01950722771442301,0.003119229247377781,0.9117609180396161,0.05651029189329182,0.88375,0.09429839606271151,84.19774179037337,10.384827198506727,0.901168684507708,32001,2026,tep-outer32001-seed2026-final_qdiffcl
TEP,FRERA,TRACK_A_FROZEN_PAPER_FINAL_REFERENCE,split,32001,5,0.9529926094261534,0.011576416203643292,0.989159148822079,0.0041686067513929,0.01151473612063057,0.004263833040437502,0.9113732097725358,0.023509011498444064,0.8612500000000001,0.051425006076810546,83.15001349527665,3.742929006108757,,,,
TEP,FRERA,TRACK_A_FROZEN_PAPER_FINAL_REFERENCE,split,32002,5,0.9310461579962628,0.012530361453886679,0.9843846882430919,0.009805014916127978,0.0074232690935046395,0.00670721482417331,0.8614995787700085,0.019198108523841184,0.8037500000000002,0.038679371116914496,99.26372469635626,7.289548303476794,,,,
TEP,FRERA,TRACK_A_FROZEN_PAPER_FINAL_REFERENCE,split,32003,5,0.9646595957430589,0.0078344940584687,0.9949237277533018,0.0018839438179114312,0.030695770804911322,0.011854124963835448,0.9597682119205297,0.009593367288621295,0.95875,0.016886570107632854,75.16,1.152388823271033,,,,
TEP,FRERA,TRACK_A_FROZEN_PAPER_FINAL_REFERENCE,overall,ALL,15,0.9495661210551584,0.01706667560501629,0.9894891882728242,0.00527726567255504,0.016544592006348845,0.012424850970944392,0.9108803334876914,0.04913617059348493,0.8745833333333334,0.07835549331944326,85.8579127305443,12.277903923744724,0.909875366568915,32002,2026,tep-outer32002-seed2026-frera
TEP,JITTER,TRACK_A_FROZEN_PAPER_FINAL_REFERENCE,split,32001,5,0.9423523304936083,0.022302178847095393,0.9817177347730135,0.01202922758648539,0.019465387251542152,0.01763892386275218,0.897893850042123,0.02747633866163672,0.8425,0.051043792472738554,88.02755735492579,10.495191813401805,,,,
TEP,JITTER,TRACK_A_FROZEN_PAPER_FINAL_REFERENCE,split,32002,5,0.925291182341849,0.010991104168672688,0.9784467459927229,0.009458072569742921,0.01270521056388294,0.006982610764537101,0.8554338668913225,0.018123662085290426,0.7975,0.023634588001486306,93.46475033738191,8.119721140959884,,,,
TEP,JITTER,TRACK_A_FROZEN_PAPER_FINAL_REFERENCE,split,32003,5,0.9732654489423377,0.006904023192173084,0.9968381305296864,0.0012908414727544892,0.022100954979536153,0.012884822868341167,0.9682119205298013,0.008694023743785514,0.985,0.00559016994374951,73.16,0.4560701700396567,,,,
TEP,JITTER,TRACK_A_FROZEN_PAPER_FINAL_REFERENCE,overall,ALL,15,0.9469696539259317,0.024318147970655617,0.9856675370984743,0.009811292478785698,0.018090517598320414,0.004846411373746783,0.9071798791544157,0.05695959180091322,0.875,0.09788385975225947,84.88410256410256,10.511027665376725,0.9031954652964256,32001,2026,tep-outer32001-seed2026-jitter
TEP,JITTER_SCALING,TRACK_A_FROZEN_PAPER_FINAL_REFERENCE,split,32001,5,0.9442883019623627,0.02157443492881707,0.9822376585452763,0.012098833712041929,0.01644962302947224,0.009920572190630656,0.8985678180286436,0.03545645748735574,0.8474999999999999,0.06681948630452045,86.64226720647773,9.939980385663096,,,,
TEP,JITTER_SCALING,TRACK_A_FROZEN_PAPER_FINAL_REFERENCE,split,32002,5,0.9280628032000553,0.005853774528710516,0.9800712354128208,0.00584286034445684,0.014132762312633834,0.00635220427160228,0.8628475147430497,0.014351522793615727,0.81375,0.028090256317805293,93.00037786774628,5.8084379129862596,,,,
TEP,JITTER_SCALING,TRACK_A_FROZEN_PAPER_FINAL_REFERENCE,split,32003,5,0.97511194021642,0.00686347762210402,0.9971100035221859,0.0012400434275151265,0.026739427012278306,0.011055950003288687,0.9778145695364238,0.0045867202573493535,0.99,0.0071260964068696215,72.92,0.334664010613635,,,,
TEP,JITTER_SCALING,TRACK_A_FROZEN_PAPER_FINAL_REFERENCE,overall,ALL,15,0.9491543484596127,0.02389904035481789,0.9864729658267609,0.009275412416578968,0.019107270784794794,0.0067103887671165355,0.9130766341027057,0.058840761635696834,0.88375,0.09354978621033831,84.18754835807466,10.262778731727463,0.9070208728652751,32001,2026,tep-outer32001-seed2026-jitter_scaling
TEP,NO_AUG,TRACK_A_FROZEN_PAPER_FINAL_REFERENCE,split,32001,5,0.942966597156308,0.02289598096349029,0.9819633916321958,0.012083750109067919,0.01960246744345442,0.01656771637725896,0.8994102780117943,0.031048965257585485,0.85125,0.061934945709187464,86.06283400809716,10.169556954743511,,,,
TEP,NO_AUG,TRACK_A_FROZEN_PAPER_FINAL_REFERENCE,split,32002,5,0.9257815414077075,0.012682268371730171,0.9783764168097138,0.009292734475038691,0.013704496788008566,0.005629334519095034,0.8576242628475146,0.023641474642632287,0.805,0.023962861890851034,95.25897435897437,8.21033688840904,,,,
TEP,NO_AUG,TRACK_A_FROZEN_PAPER_FINAL_REFERENCE,split,32003,5,0.9752970895342749,0.007043617513990189,0.9970106515584909,0.0012959664402712547,0.01909959072305593,0.009402488916841896,0.9690397350993377,0.007441127501405374,0.9824999999999999,0.006846531968814598,73.16,0.21908902300206956,,,,
TEP,NO_AUG,TRACK_A_FROZEN_PAPER_FINAL_REFERENCE,overall,ALL,15,0.9480150760327635,0.02514085779748006,0.9857834866668002,0.009887038015664235,0.017468851651506304,0.0032697089935855147,0.9086914253195489,0.05628460389649529,0.8795833333333333,0.09207956251706088,84.82726945569051,11.101177043540229,0.9027129238122751,32001,2026,tep-outer32001-seed2026-no_aug
TEP,SCALING,TRACK_A_FROZEN_PAPER_FINAL_REFERENCE,split,32001,5,0.9378589536842554,0.027011144697029532,0.9800214717147879,0.012579700076882416,0.02069910897875257,0.01645247861894423,0.8898062342038753,0.040020839600625774,0.8375,0.0839689302659025,90.14758434547909,13.853813659095396,,,,
TEP,SCALING,TRACK_A_FROZEN_PAPER_FINAL_REFERENCE,split,32002,5,0.9253741589411035,0.010919230402536725,0.977557578003518,0.008197536104040953,0.013704496788008563,0.0055610424499022,0.8567818028643639,0.024263725061355775,0.8075000000000001,0.02809025631780531,92.75122807017543,6.369373025918085,,,,
TEP,SCALING,TRACK_A_FROZEN_PAPER_FINAL_REFERENCE,split,32003,5,0.9742739420457569,0.006644996594917936,0.996667395656119,0.0014335250762462658,0.026739427012278306,0.009182165713759257,0.9759933774834437,0.009933774834437087,0.99,0.00947859430506445,72.92,0.334664010613635,,,,
TEP,SCALING,TRACK_A_FROZEN_PAPER_FINAL_REFERENCE,overall,ALL,15,0.9458356848903721,0.02540705369521446,0.9847488151248083,0.010395052403240318,0.02038101092634648,0.006523284545848328,0.9075271381838942,0.06154975799458435,0.8783333333333333,0.09786257371096124,85.27293747188484,10.776875163956856,0.9011241360827655,32001,2026,tep-outer32001-seed2026-scaling
TEP,SoftCLT,TRACK_A_MECHANISM_ADAPTATION,split,32001,5,0.7605003595951645,0.007756204424564755,0.851551457500005,0.009034998527040582,0.16175462645647704,0.04339459625933932,0.6788542544229148,0.03930506960281562,0.54375,0.043075152350281955,139.7749257759784,9.907210402870632,,,,
TEP,SoftCLT,TRACK_A_MECHANISM_ADAPTATION,split,32002,5,0.7530107803766948,0.011409725264845122,0.8434323000432224,0.012091036640494957,0.06438258386866523,0.03200232261678889,0.5700084245998315,0.021989658029475532,0.52625,0.025920551691659646,133.7543489190548,12.204351005732848,,,,
TEP,SoftCLT,TRACK_A_MECHANISM_ADAPTATION,split,32003,5,0.7404051661850275,0.01074330088040949,0.8272643371089622,0.006385794152655338,0.05879945429740792,0.02539679871597954,0.5399006622516557,0.0367394887163524,0.505,0.029448047473474383,147.10184002184002,12.12686546306386,,,,
TEP,SoftCLT,TRACK_A_MECHANISM_ADAPTATION,overall,ALL,15,0.7513054353856289,0.010155557626325517,0.8407493648840632,0.01236384487218446,0.09497888820751672,0.05789682416137009,0.5962544470914674,0.07310037938887692,0.5249999999999999,0.019405218370325005,140.21037157229108,6.68439148059698,0.7316044397240928,32003,7,tep-outer32003-seed7-softclt
TEP,TF-C,TRACK_B_METHOD_NATIVE_REPRESENTATION,split,32001,5,0.822186022999712,0.002829547247320337,0.8971478018699524,0.00424900741606053,0.07580534612748457,0.007423243627998525,0.7112047177759057,0.006644227178813938,0.6387500000000002,0.01556237449748591,100.59368421052632,10.12407336479961,,,,
TEP,TF-C,TRACK_B_METHOD_NATIVE_REPRESENTATION,split,32002,5,0.799818432638487,0.0044128676002103025,0.8890263660827401,0.0051319251167602645,0.08408279800142755,0.02179881336491671,0.677843302443134,0.019582438208267237,0.6512499999999999,0.019465514377996773,106.01948717948719,6.54453001443161,,,,
TEP,TF-C,TRACK_B_METHOD_NATIVE_REPRESENTATION,split,32003,5,0.7896624177881426,0.007748082596472866,0.8783618140977094,0.004065411604226396,0.12278308321964529,0.06341041519379831,0.6973509933774833,0.05463450731050737,0.6737500000000001,0.0750520652613904,102.59794871794873,14.52375668407721,,,,
TEP,TF-C,TRACK_B_METHOD_NATIVE_REPRESENTATION,overall,ALL,15,0.8038889578087804,0.016639504360436968,0.8881786606834673,0.009421639320080265,0.09422374244951914,0.02507700164093592,0.6954663378655077,0.016760368523709105,0.6545833333333334,0.01773649721149395,103.07037336932075,2.7435785487049786,0.775884142362783,32003,2026,tep-outer32003-seed2026-tf_c
TEP,TS2Vec,TRACK_B_METHOD_NATIVE_REPRESENTATION,split,32001,5,0.780407772601551,0.008949015665249823,0.8730666386460888,0.0034057640801194084,0.1654557916381083,0.05202414521100191,0.7235046335299072,0.038851017429684616,0.55,0.06011057519272295,128.21700404858302,12.847439487630197,,,,
TEP,TS2Vec,TRACK_B_METHOD_NATIVE_REPRESENTATION,split,32002,5,0.7688859912790397,0.005365568568774574,0.859680921287206,0.0038306484597358556,0.14346895074946467,0.024844117464606873,0.6775063184498736,0.02778458057999083,0.6087499999999999,0.05772374944509408,122.17973009446696,15.037175133374463,,,,
TEP,TS2Vec,TRACK_B_METHOD_NATIVE_REPRESENTATION,split,32003,5,0.7476714160690652,0.015603006455450166,0.841091704249916,0.015219121608278105,0.14529331514324692,0.023654216759071898,0.6364238410596027,0.03318700246454781,0.55,0.020728904939721234,129.30769230769232,8.086644536231226,,,,
TEP,TS2Vec,TRACK_B_METHOD_NATIVE_REPRESENTATION,overall,ALL,15,0.7656550599832187,0.01660561493996065,0.8579464213944036,0.01605787890160116,0.15140601917693997,0.01220160464931881,0.6791449310131279,0.043563515614139806,0.5695833333333333,0.03391932831489043,126.56814215024743,3.8394036643897276,0.7267410749897054,32003,44,tep-outer32003-seed44-ts2vec
TEP,UNIFORM_DIFFUSION,TRACK_A_FROZEN_PAPER_FINAL_REFERENCE,split,32001,5,0.9396034927865431,0.02205114221360873,0.9804986213413777,0.011587078989296857,0.023989033584647018,0.016598877365746858,0.8973883740522325,0.030383503539747166,0.8412499999999999,0.05922678870241067,88.4680971659919,8.065913175261056,,,,
TEP,UNIFORM_DIFFUSION,TRACK_A_FROZEN_PAPER_FINAL_REFERENCE,split,32002,5,0.9258215755548852,0.011988253445146148,0.9784254071330147,0.009451154122395002,0.015274803711634546,0.006173232922323954,0.8594776748104465,0.022364099550762167,0.8099999999999999,0.020058508169851528,93.36564102564103,6.350839399499725,,,,
TEP,UNIFORM_DIFFUSION,TRACK_A_FROZEN_PAPER_FINAL_REFERENCE,split,32003,5,0.9751492650046945,0.004287213032916636,0.9971719678492779,0.001044448358770317,0.019918144611186902,0.006549852051382157,0.9697019867549669,0.0034431513813055342,0.9875,0.008838834764831872,73.16,0.4560701700396567,,,,
TEP,UNIFORM_DIFFUSION,TRACK_A_FROZEN_PAPER_FINAL_REFERENCE,overall,ALL,15,0.9468581111153741,0.025451470526021976,0.98536533210789,0.010277258386155372,0.01972732730248949,0.00436024758516069,0.9088560118725485,0.055999819408585554,0.8795833333333333,0.09475571662613999,84.99791273054431,10.540332884984421,0.9023595586739215,32001,2026,tep-outer32001-seed2026-uniform_diffusion
