run_id,dataset,outer_seed,model_seed,method,track,evidence_source,macro_f1,auprc,far,fault_recall,early_recall,detection_delay,prediction_path,prediction_sha256,checkpoint_sha256
3w-outer31001-seed42-autotcl,3W,31001,42,AutoTCL,TRACK_A_MECHANISM_ADAPTATION,NEW_POSTHOC_TRAINING,0.4981177399579304,0.80837866256161,0.4449357703096246,0.8175405765285925,0.8337059594479994,795.8571428571429,outputs\posthoc_recent_baselines\benchmark\3w\outer_31001\seed_42\AutoTCL\predictions.npz,31c82947b7da3b16df41509d2dbaabfc0b452c5eb637f2498b1ed5a0635ac7d8,37347f0504329470a53f9758fc832546b1c40348fdb459569a27b4cdf289a801
3w-outer31001-seed43-autotcl,3W,31001,43,AutoTCL,TRACK_A_MECHANISM_ADAPTATION,NEW_POSTHOC_TRAINING,0.4241126245395225,0.8072140722521964,0.3661449679298208,0.8343110087450967,0.8382160203530954,414.9047619047619,outputs\posthoc_recent_baselines\benchmark\3w\outer_31001\seed_43\AutoTCL\predictions.npz,72a7110ab955e9b0a487788e700706cb241694866abec0f124f8f021d215dbc0,1d1ed88d2360ab489e7793773deab1b821212d9ac306185fd514691da70d32da
3w-outer31001-seed44-autotcl,3W,31001,44,AutoTCL,TRACK_A_MECHANISM_ADAPTATION,NEW_POSTHOC_TRAINING,0.35005482056175724,0.7733602049557129,0.3567383109110075,0.8304242991326879,0.8473132372214941,611.4761904761905,outputs\posthoc_recent_baselines\benchmark\3w\outer_31001\seed_44\AutoTCL\predictions.npz,9a1b2dceb1aa58048e62f9c6a8057a0e52985e8bb82bb6fe13a3904d2eea0841,0d1ae33b881431850954d5c5b2853c8e5fc383fe15aefc5697ca9898b4c3cde0
3w-outer31002-seed42-autotcl,3W,31002,42,AutoTCL,TRACK_A_MECHANISM_ADAPTATION,NEW_POSTHOC_TRAINING,0.2681377109077375,0.6347324071825882,0.999859311927102,1.0,1.0,13.666666666666666,outputs\posthoc_recent_baselines\benchmark\3w\outer_31002\seed_42\AutoTCL\predictions.npz,e94f7d83df1e26d6c29675bfad2e8e0649870fca86875eebc59477f68e71e98f,0e597998885bfa13d28a83cf5ecf61c56af134a25c7f2eec10b95c3c5d7e622e
3w-outer31002-seed43-autotcl,3W,31002,43,AutoTCL,TRACK_A_MECHANISM_ADAPTATION,NEW_POSTHOC_TRAINING,0.24877142100240826,0.6182636619701684,0.9805201129833447,0.9729002320185615,0.9699866378867303,16.333333333333332,outputs\posthoc_recent_baselines\benchmark\3w\outer_31002\seed_43\AutoTCL\predictions.npz,1d19ca009e79eb00cbfbabe84b2fc5b9a6fc6b026a33bd4bb328be91bc7079d4,25aecdf6d97682508886311ce29ad62daa87881991caa0a7915a68d28dffd82c
3w-outer31002-seed44-autotcl,3W,31002,44,AutoTCL,TRACK_A_MECHANISM_ADAPTATION,NEW_POSTHOC_TRAINING,0.32650497968566383,0.711462519311385,0.9184550285163902,0.9834802784222738,0.9817041833693082,45.666666666666664,outputs\posthoc_recent_baselines\benchmark\3w\outer_31002\seed_44\AutoTCL\predictions.npz,439d44af9878413cad9f9b9aa5c685efbccbd238fc93a9917aec5c8165ce89bf,b5f752cf270d57a5b9304715d7e51583b19bafce2a03a660c6acaadfc5be3873
3w-outer31003-seed42-autotcl,3W,31003,42,AutoTCL,TRACK_A_MECHANISM_ADAPTATION,NEW_POSTHOC_TRAINING,0.46912524831044955,0.8761957215040471,0.984941438929169,0.9997521514629948,0.999743892548696,55.0,outputs\posthoc_recent_baselines\benchmark\3w\outer_31003\seed_42\AutoTCL\predictions.npz,ca5b17ff94ef8626faf6864d442fb5376b197ea635bcfc861dbb7f042417e117,07bca3bb14af4e436f2461c04e6f83c1ca066453390f0555c9898f77613c0719
3w-outer31003-seed43-autotcl,3W,31003,43,AutoTCL,TRACK_A_MECHANISM_ADAPTATION,NEW_POSTHOC_TRAINING,0.270580618085122,0.8528434924757692,0.8333388012204324,0.7334664371772806,0.7271175106355733,37.38461538461539,outputs\posthoc_recent_baselines\benchmark\3w\outer_31003\seed_43\AutoTCL\predictions.npz,422020c54a9b61be045f479024d1da90d732b623c84b2005e94b9ccad33bd5ee,d4a81f239d3368183063602793564a1679f9f2a6e61682dd3e397fa1f67f0e8f
3w-outer31003-seed44-autotcl,3W,31003,44,AutoTCL,TRACK_A_MECHANISM_ADAPTATION,NEW_POSTHOC_TRAINING,0.327772428732906,0.9212178441589053,0.9418654243627178,0.9995456110154906,0.9996442952065222,40.06666666666667,outputs\posthoc_recent_baselines\benchmark\3w\outer_31003\seed_44\AutoTCL\predictions.npz,9c5d2dfeb21198e0338abc80f5b8b4d9e12da6611282f6dbb099ab5c9d0bf189,d88e1885d0af59c54807dd91123fe1641f5f2ad1cfb3e12a66c2583e8fa032f8
3w-outer31001-seed42-final_qdiffcl,3W,31001,42,FINAL_QDIFFCL,TRACK_A_FROZEN_PAPER_FINAL_REFERENCE,FROZEN_PAPER_FINAL_REUSE,0.2649262118657151,0.827955600391555,0.5574761930285327,0.9903911901248785,0.9897078097293963,169.57142857142858,outputs\paper_final\3w\outer_31001\model_seed_42\FINAL_QDIFFCL\predictions.npz,92041000697083935c5d6d39654fe75e550d1b98ec6ac79ef176373f22c8bc0b,dcf1bf0ac0e7b0c71e31d1a6f4b037e3688f863f84115248cb972009da6f79f0
3w-outer31001-seed43-final_qdiffcl,3W,31001,43,FINAL_QDIFFCL,TRACK_A_FROZEN_PAPER_FINAL_REFERENCE,FROZEN_PAPER_FINAL_REUSE,0.5585091154285317,0.878020635430991,0.07667363456075468,0.8723143916219815,0.8774574049803407,512.4285714285714,outputs\paper_final\3w\outer_31001\model_seed_43\FINAL_QDIFFCL\predictions.npz,13c3f623f72b01359dda227633fd08e7b7c44ac9a71701ef84319dc63f353d1e,9f31615114af86a5a440f1211dd314aa57eb0d3fe4d5ab4d40e2c7c8732c1bff
3w-outer31001-seed44-final_qdiffcl,3W,31001,44,FINAL_QDIFFCL,TRACK_A_FROZEN_PAPER_FINAL_REFERENCE,FROZEN_PAPER_FINAL_REUSE,0.34630133410002184,0.8147592216727426,0.4052366404030659,0.9740526145319753,0.9722072315164598,576.4285714285714,outputs\paper_final\3w\outer_31001\model_seed_44\FINAL_QDIFFCL\predictions.npz,b7d009bbf8a71a3fe25ed9bb9554d1aa23b44ec7d9cae11607afb0b7fbd4b0a9,007b9a4235d89291af1dbe2682005953621b53c8fc44c5e420cbafc6dc1887d5
3w-outer31002-seed42-final_qdiffcl,3W,31002,42,FINAL_QDIFFCL,TRACK_A_FROZEN_PAPER_FINAL_REFERENCE,FROZEN_PAPER_FINAL_REUSE,0.12558438107023245,0.6654283971256907,0.9831282534116857,0.7876566125290023,0.7648268064549285,5122.7,outputs\paper_final\3w\outer_31002\model_seed_42\FINAL_QDIFFCL\predictions.npz,c00fcf1877f6a1837cd52ba23189901017615248ee2549e66a7dcaf8bba38159,443348c9f97d7b664dcc75612bd1e53c06c834d8430a6562b5ddcb45ea73c201
3w-outer31002-seed43-final_qdiffcl,3W,31002,43,FINAL_QDIFFCL,TRACK_A_FROZEN_PAPER_FINAL_REFERENCE,FROZEN_PAPER_FINAL_REUSE,0.2787158916665379,0.6576519053973517,0.9234548661839983,0.965754060324826,0.9620721554116559,13.666666666666666,outputs\paper_final\3w\outer_31002\model_seed_43\FINAL_QDIFFCL\predictions.npz,2ea84abb70be1e03cc4c3560a48d12572c0179d6cd936a6f66b65228da08ba70,2b7122f6d88573f2ae2d9498418be5d46871730bc9e52874b92de00730aa7de5
3w-outer31002-seed44-final_qdiffcl,3W,31002,44,FINAL_QDIFFCL,TRACK_A_FROZEN_PAPER_FINAL_REFERENCE,FROZEN_PAPER_FINAL_REUSE,0.2081748042810227,0.6568213848114043,0.7956018743980173,0.7864501160092807,0.7634905951279679,4141.2,outputs\paper_final\3w\outer_31002\model_seed_44\FINAL_QDIFFCL\predictions.npz,cc909845d1d13ecce47547c98badedc9ae20dc68f4f6dca03e6f9d641af74228,f2c6726c8b6c12c60a8cb610c82dbb94784980a578364d999a3b65de8a137da8
3w-outer31003-seed42-final_qdiffcl,3W,31003,42,FINAL_QDIFFCL,TRACK_A_FROZEN_PAPER_FINAL_REFERENCE,FROZEN_PAPER_FINAL_REUSE,0.33972689035572823,0.8497885286406217,0.8954758702142318,0.9865886402753873,0.9862840231634962,74.92857142857143,outputs\paper_final\3w\outer_31003\model_seed_42\FINAL_QDIFFCL\predictions.npz,e045bf8b48b0a852c0ffcbb7956657decdd14f2af281c34f5e119a457b1f778c,f731d405e14e0b0945d133c978c9d09205ac27bbaf1aae7bfaaf2d7e6c93b273
3w-outer31003-seed43-final_qdiffcl,3W,31003,43,FINAL_QDIFFCL,TRACK_A_FROZEN_PAPER_FINAL_REFERENCE,FROZEN_PAPER_FINAL_REUSE,0.36245776971580096,0.868351973209395,0.863587152652472,0.944908777969019,0.9433006559196392,67.76923076923077,outputs\paper_final\3w\outer_31003\model_seed_43\FINAL_QDIFFCL\predictions.npz,3587440c2bc81b779471a65c7b84ddd2d11b4b65a5229cbe7c8973147a8924a0,9f50b07abfa01bbd3e9f8a0b88791df5ef294287d69da4a5e8ec4b5397fb4d0f
3w-outer31003-seed44-final_qdiffcl,3W,31003,44,FINAL_QDIFFCL,TRACK_A_FROZEN_PAPER_FINAL_REFERENCE,FROZEN_PAPER_FINAL_REUSE,0.255717458673786,0.8781018682834235,0.7807158557790099,0.9301617900172117,0.9331559552096524,84.72727272727273,outputs\paper_final\3w\outer_31003\model_seed_44\FINAL_QDIFFCL\predictions.npz,d7b943af788a692fdb04c1690bb8355814c6664a5bd9ad7fd821ac3da41b1e5f,34517d2bb6654227fd4dc1be4ab5fd02471742ead50b801d5ddbc942433e21bd
3w-outer31001-seed42-frera,3W,31001,42,FRERA,TRACK_A_FROZEN_PAPER_FINAL_REFERENCE,FROZEN_PAPER_FINAL_REUSE,0.37902638979470005,0.8205735200983688,0.39282842900787907,0.8387015510850397,0.8563333590316861,431.6666666666667,outputs\paper_final\3w\outer_31001\model_seed_42\FRERA\predictions.npz,9aacf0eb5edc71c4170273da57e550ebb6a839ca4f8f9f7baf98a6a10f357375,ae2cc89735a36bf83d0f8de2d5694da8c3417c2ba6a7648a5b625c71b25f1a92
3w-outer31001-seed43-frera,3W,31001,43,FRERA,TRACK_A_FROZEN_PAPER_FINAL_REFERENCE,FROZEN_PAPER_FINAL_REUSE,0.4896221561018782,0.859564984096958,0.1669971949759697,0.838089754201605,0.8556780510369285,431.6666666666667,outputs\paper_final\3w\outer_31001\model_seed_43\FRERA\predictions.npz,10c25fd7b9ab296dc37ededae572c69ddc832569d7198c410cbe1577924741d6,13bf5cb6634580fb851a44cd760b2c0477e512001f61fa0f0b32e3f9b8cc48d9
3w-outer31001-seed44-frera,3W,31001,44,FRERA,TRACK_A_FROZEN_PAPER_FINAL_REFERENCE,FROZEN_PAPER_FINAL_REUSE,0.4339835717643068,0.8023794833177671,0.06765110503653678,0.8664843272033684,0.8760311464035155,611.4761904761905,outputs\paper_final\3w\outer_31001\model_seed_44\FRERA\predictions.npz,4b81b58057ae6d7c49051e29ebda9a4125d34e05fd8dd6325f385fb1364be940,d73605722e265ebdf6c6cd34d4913457cbeb2f5e71a18a60e3b3b08b98f6720c
3w-outer31002-seed42-frera,3W,31002,42,FRERA,TRACK_A_FROZEN_PAPER_FINAL_REFERENCE,FROZEN_PAPER_FINAL_REUSE,0.14015012080565503,0.6179261514685522,0.9771003105959764,0.7465429234338747,0.7192928358515778,4814.875,outputs\paper_final\3w\outer_31002\model_seed_42\FRERA\predictions.npz,abacbbaa43c836695987b6e511a71dbed386564581dd5e9d8e77ebc172c33eae,ef5e4da6184162aad3152c0ad30dbed2fbbc3b708741f8bc39650232e70f4e66
3w-outer31002-seed43-frera,3W,31002,43,FRERA,TRACK_A_FROZEN_PAPER_FINAL_REFERENCE,FROZEN_PAPER_FINAL_REUSE,0.2607340965336622,0.4517887602982188,0.9667867926366027,0.9496055684454756,0.9579607359440847,19.0,outputs\paper_final\3w\outer_31002\model_seed_43\FRERA\predictions.npz,e4e3004c4cab005b7b0f2e97bc242907d89a07d3b0633284c1ed17a178e2ba78,4c5a6e763839e1f89d4fcad3185d13b1c60291e24193cd4b32341b479b3e0b02
3w-outer31002-seed44-frera,3W,31002,44,FRERA,TRACK_A_FROZEN_PAPER_FINAL_REFERENCE,FROZEN_PAPER_FINAL_REUSE,0.26238415086029215,0.7209397159124538,0.9940045236626517,0.9637122969837587,0.9598108747044918,13.666666666666666,outputs\paper_final\3w\outer_31002\model_seed_44\FRERA\predictions.npz,2afba3eaf50485e3a804e1beec7624f3b2ec10b00d38cf618de6ff64a767e7d5,1829d31b6465ddb2d847a947c05a845524d93275fcf0120aba4907e1163e5503
3w-outer31003-seed42-frera,3W,31003,42,FRERA,TRACK_A_FROZEN_PAPER_FINAL_REFERENCE,FROZEN_PAPER_FINAL_REUSE,0.36692456109586236,0.8570054094724942,0.6845575932548145,0.6703201376936316,0.6630052786591352,78.1,outputs\paper_final\3w\outer_31003\model_seed_42\FRERA\predictions.npz,349720afcda43f45c82c43f71a394ab0356783e44657ba0a77ab8dc0b3cb9139,d97886a030a51c06e91c005dd0ea8673bbe229ee1e4fc0af0d1597383c2ade2f
3w-outer31003-seed43-frera,3W,31003,43,FRERA,TRACK_A_FROZEN_PAPER_FINAL_REFERENCE,FROZEN_PAPER_FINAL_REUSE,0.2929814029124788,0.8662141927345399,0.7112299465240641,0.8480275387263339,0.8429634477754222,64.08333333333333,outputs\paper_final\3w\outer_31003\model_seed_43\FRERA\predictions.npz,b932caef252e28fd2107c1e7958a6a300d65815b0d2ba3779fc72f7ae18c1829,1474355aa467cc846f40e94a9c6c1ddd34494336ad748c3de34966a537d2df5c
3w-outer31003-seed44-frera,3W,31003,44,FRERA,TRACK_A_FROZEN_PAPER_FINAL_REFERENCE,FROZEN_PAPER_FINAL_REUSE,0.31278832512549226,0.8529183222231185,0.897280272956924,0.999697074010327,0.9996869797817396,59.266666666666666,outputs\paper_final\3w\outer_31003\model_seed_44\FRERA\predictions.npz,6c00e1d00afbebafb1129e36c6c8f731e01d235e3566356d99ee699058cc908f,cd0e3d6d02cdca9a39faeba0eb446880351a819cf6ac72020b6d3ded8c0d8b75
3w-outer31001-seed42-no_aug,3W,31001,42,NO_AUG,TRACK_A_FROZEN_PAPER_FINAL_REFERENCE,FROZEN_PAPER_FINAL_REUSE,0.2650594897623414,0.8269289989463856,0.5569491343731575,0.990031309605211,0.9893223344383625,172.61904761904762,outputs\paper_final\3w\outer_31001\model_seed_42\NO_AUG\predictions.npz,b061754d1aebce4fe8ab91ab32342b940f9ba5ccc7b8cc9550d8db33c1d6186f,f81acca983367f91db8814df9e4a3ff05375ce30cadad929234c7e113dab1e64
3w-outer31001-seed43-no_aug,3W,31001,43,NO_AUG,TRACK_A_FROZEN_PAPER_FINAL_REFERENCE,FROZEN_PAPER_FINAL_REUSE,0.5600585945446759,0.8384824614337345,0.054358507084025655,0.8623097131752259,0.8674350474134608,652.6190476190476,outputs\paper_final\3w\outer_31001\model_seed_43\NO_AUG\predictions.npz,b7ed35e1aaaba25dbcf94b0898e2906e1aa1a44a7f5f1d4f00900b51d3b897c6,4566122cfe39414b1a22e17e37413396d6ff2184fa935f630424ad7530a69edc
3w-outer31001-seed44-no_aug,3W,31001,44,NO_AUG,TRACK_A_FROZEN_PAPER_FINAL_REFERENCE,FROZEN_PAPER_FINAL_REUSE,0.3462716105030713,0.8103048066168884,0.40409319111682834,0.9734768057005074,0.9715904710508056,582.5238095238095,outputs\paper_final\3w\outer_31001\model_seed_44\NO_AUG\predictions.npz,924abfe954e1775f5ad81e2404c731888d89e76112ac6d0ad35d383758655002,08682e6c79f350b252253112407f7b1e17ae38b86bf667b000f3ccaf123fb354
3w-outer31002-seed42-no_aug,3W,31002,42,NO_AUG,TRACK_A_FROZEN_PAPER_FINAL_REFERENCE,FROZEN_PAPER_FINAL_REUSE,0.19726798919533398,0.6690292004053657,0.9831607198900468,0.8451044083526682,0.8284510227155926,2895.090909090909,outputs\paper_final\3w\outer_31002\model_seed_42\NO_AUG\predictions.npz,9705180bb95ed6f3521a7bb4d725276e4566c74943c9d9def39ddcb3585961ad,c11bacf27946151b0b8eab2788e475bd964a5eb157e724bcb9221a1a86b28544
3w-outer31002-seed43-no_aug,3W,31002,43,NO_AUG,TRACK_A_FROZEN_PAPER_FINAL_REFERENCE,FROZEN_PAPER_FINAL_REUSE,0.10913320223545936,0.6502141670717518,0.8721578303734727,0.6834338747099769,0.6986329530270325,40.333333333333336,outputs\paper_final\3w\outer_31002\model_seed_43\NO_AUG\predictions.npz,ba23f865803ce49ce97d0d8e1a292798de1ff655a5203dd877400f519e2bfda5,14dd099168623bf3f28d8ea8382a5116ed2790747d49f1f3eecd8b021a962dd8
3w-outer31002-seed44-no_aug,3W,31002,44,NO_AUG,TRACK_A_FROZEN_PAPER_FINAL_REFERENCE,FROZEN_PAPER_FINAL_REUSE,0.20378672238024761,0.6382054356598224,0.7920305617782972,0.7667749419953597,0.7417000719498407,4861.2,outputs\paper_final\3w\outer_31002\model_seed_44\NO_AUG\predictions.npz,7a4b346db07d43efd15f3f897a392186d94ffe8a4cd9889b091320b9c24a1f40,d810829484f0b1f736eeab592d84489d9284aa53cffd8de8d4c66126bef4321c
3w-outer31003-seed42-no_aug,3W,31003,42,NO_AUG,TRACK_A_FROZEN_PAPER_FINAL_REFERENCE,FROZEN_PAPER_FINAL_REUSE,0.34410814012978624,0.854251548387374,0.8968209704406024,0.9884337349397591,0.9881906008565371,68.07142857142857,outputs\paper_final\3w\outer_31003\model_seed_42\NO_AUG\predictions.npz,987be9d360351af6756f68649db6902bfd657d02f3bcaf127f7fdaffa28ea853,d4be6573f20ebd7d09bdf21160ffc41f848fc0f3e401325abd5ccb6b009e0189
3w-outer31003-seed43-no_aug,3W,31003,43,NO_AUG,TRACK_A_FROZEN_PAPER_FINAL_REFERENCE,FROZEN_PAPER_FINAL_REUSE,0.3051201233782369,0.8518036735934226,0.4253469374364358,0.5763580034423408,0.568487400936215,209.4,outputs\paper_final\3w\outer_31003\model_seed_43\NO_AUG\predictions.npz,b8642dcc0b186f2242ad57dbeffcbae4b5324a833c1fd1e09b74d722fcb16f06,389c16e453ad3d1739a7e3862ab152b6d07922ffbc6a621470facde92939aa61
3w-outer31003-seed44-no_aug,3W,31003,44,NO_AUG,TRACK_A_FROZEN_PAPER_FINAL_REFERENCE,FROZEN_PAPER_FINAL_REUSE,0.23538825732947974,0.873677634302743,0.8452806666447951,0.9331084337349398,0.9361865600500833,70.18181818181819,outputs\paper_final\3w\outer_31003\model_seed_44\NO_AUG\predictions.npz,466c96c0d2109799e2ec12a58c1a09313edbb7b583fdad1f76497f9315f8b3a2,7dedd7c07cde045a5342eba27ddf20c48dcd097eb0c9b4079c531c7fe8ce56ce
3w-outer31001-seed42-softclt,3W,31001,42,SoftCLT,TRACK_A_MECHANISM_ADAPTATION,NEW_POSTHOC_TRAINING,0.23823193696485817,0.8243609271793598,0.6282360508120276,0.9955734696080901,0.9952586539202837,175.66666666666666,outputs\posthoc_recent_baselines\benchmark\3w\outer_31001\seed_42\SoftCLT\predictions.npz,c526f83341a3d034cefe4808483073922807a1bfd7c7da61ed4c3278a71cabee,92e7c5a55a4ac3aa3caf86ed7fa6dc95873fa86332217ae9cef59d5a122013e9
3w-outer31001-seed43-softclt,3W,31001,43,SoftCLT,TRACK_A_MECHANISM_ADAPTATION,NEW_POSTHOC_TRAINING,0.2546025428318273,0.7056747859759096,0.5437280020010362,0.9767157303775147,0.9776038855909336,215.28571428571428,outputs\posthoc_recent_baselines\benchmark\3w\outer_31001\seed_43\SoftCLT\predictions.npz,51bb6ee9d1f0acc3755626ea1756bfbf01ea3f2d7030a3ccd07a192f0fa6df63,ac686de5db143bdf511ae65ad94501d21411ac8efbed4a7423689079f85e8957
3w-outer31001-seed44-softclt,3W,31001,44,SoftCLT,TRACK_A_MECHANISM_ADAPTATION,NEW_POSTHOC_TRAINING,0.45305065533473343,0.7528051904133963,0.05495703131979061,0.8421204160218807,0.864543982730707,535.0,outputs\posthoc_recent_baselines\benchmark\3w\outer_31001\seed_44\SoftCLT\predictions.npz,191c148a6774eb8c55910b795a4aa723df649f4e5f58880cd77e4e05659980bd,3d9a25a98b461e4ace19fdad4165c6206c6b6069010e590d0b3cfcfa6214a48c
3w-outer31002-seed42-softclt,3W,31002,42,SoftCLT,TRACK_A_MECHANISM_ADAPTATION,NEW_POSTHOC_TRAINING,0.24007201193720085,0.6872606178707996,0.926723158339015,0.9939675174013921,0.9935245143385754,181.66666666666666,outputs\posthoc_recent_baselines\benchmark\3w\outer_31002\seed_42\SoftCLT\predictions.npz,b43e9ee9528395a449a3c5d30c794d7bc408aa1eb21bb3127732ae2099929846,947a3a6bae491b398bf5bbd54a1d1d510e1b105a8fa72fdf65f1905411c240c9
3w-outer31002-seed43-softclt,3W,31002,43,SoftCLT,TRACK_A_MECHANISM_ADAPTATION,NEW_POSTHOC_TRAINING,0.4853164814954304,0.9200337528755889,0.3342207504085365,0.997030162412993,0.996710864425943,59.0,outputs\posthoc_recent_baselines\benchmark\3w\outer_31002\seed_43\SoftCLT\predictions.npz,aba3e0de9c9ab622235986c71758928f72fecf0d26de77d520a995a2099570b8,75f8739fcae5026e26fab7e447abcaf98b16cc459cbc8d38b1f0f92afd9ea1f9
3w-outer31002-seed44-softclt,3W,31002,44,SoftCLT,TRACK_A_MECHANISM_ADAPTATION,NEW_POSTHOC_TRAINING,0.2559576371231106,0.616872838413851,0.9996212244191206,1.0,1.0,13.666666666666666,outputs\posthoc_recent_baselines\benchmark\3w\outer_31002\seed_44\SoftCLT\predictions.npz,033e1cca16f6d171138b102bd59c724fe7cb1c65dd696ed3df72e3141fc13357,3e20e109fc8dc913a98b873f65792d55159a9b2fa43c4ba2b3024440bcbc33ee
3w-outer31003-seed42-softclt,3W,31003,42,SoftCLT,TRACK_A_MECHANISM_ADAPTATION,NEW_POSTHOC_TRAINING,0.4208509906627242,0.82968515426879,0.5018208064039894,0.6120481927710844,0.6017813696057368,95.16666666666667,outputs\posthoc_recent_baselines\benchmark\3w\outer_31003\seed_42\SoftCLT\predictions.npz,8fa1099a26762e40ade0daf3f54bd23dd96d16ba27ce2443d1d4803ae1fb930b,542780ab8ba77c737f433f0aa4d68e18f6c2d36a3e232d45cbf4aa4672546951
3w-outer31003-seed43-softclt,3W,31003,43,SoftCLT,TRACK_A_MECHANISM_ADAPTATION,NEW_POSTHOC_TRAINING,0.3020583909637632,0.8742328690281436,0.897116236343952,0.9956488812392427,0.996186844613918,67.8,outputs\posthoc_recent_baselines\benchmark\3w\outer_31003\seed_43\SoftCLT\predictions.npz,f9b805cecc8527063451a531700a892e7191cc398a41241196ebc3a7e90d8911,c0a3f1f695d4182a36f7d2535835b44139c3b09a6bd881f5cc86c87b4f6ee180
3w-outer31003-seed44-softclt,3W,31003,44,SoftCLT,TRACK_A_MECHANISM_ADAPTATION,NEW_POSTHOC_TRAINING,0.34161783821179315,0.8600600583616573,0.5738984941438929,0.7300240963855422,0.7278716047977463,143.23076923076923,outputs\posthoc_recent_baselines\benchmark\3w\outer_31003\seed_44\SoftCLT\predictions.npz,6b2707f68b80e48be3ab074e05a506fdefa03fde09dcb7906e94cce05bd3324b,2e26918b3e530489b0b45cf73f13e710ce3081c073d96ef77c4fad1f0340a6a4
3w-outer31001-seed42-tf_c,3W,31001,42,TF-C,TRACK_B_METHOD_NATIVE_REPRESENTATION,NEW_POSTHOC_TRAINING,0.46006724064649285,0.8914715615127357,0.33123403190938167,0.9900672976571778,0.9893608819674659,178.71428571428572,outputs\posthoc_recent_baselines\benchmark\3w\outer_31001\seed_42\TF-C\predictions.npz,d84a13c16234b7fa4ff77dd268e4983a2f21a3c7ec3c4348704c6aa95619b38b,66f8f5cbd9ece1f29f3d5a7d9093f8bc7606709da2665780b81fc4e9572fb550
3w-outer31001-seed43-tf_c,3W,31001,43,TF-C,TRACK_B_METHOD_NATIVE_REPRESENTATION,NEW_POSTHOC_TRAINING,0.6084336561661815,0.8872288065060169,0.13517714530739133,0.9613848202396804,0.9588697864466887,625.2,outputs\posthoc_recent_baselines\benchmark\3w\outer_31001\seed_43\TF-C\predictions.npz,f0897c76fa3231404f691cda02823840527f504276a4b282989746498201577d,495d7e8353c90c499b28f583d4b5559a7ecad4011d3c207510928c5bb15a97cf
3w-outer31001-seed44-tf_c,3W,31001,44,TF-C,TRACK_B_METHOD_NATIVE_REPRESENTATION,NEW_POSTHOC_TRAINING,0.39423706740367637,0.8548376518636445,0.5401189901913491,0.972253211933638,0.9757536041939712,101.0,outputs\posthoc_recent_baselines\benchmark\3w\outer_31001\seed_44\TF-C\predictions.npz,d22bbb75c26d251e6f9342df9fff45823c94b7563f13d89b5eb38d8a23b5ba1c,343036f060fe2d9655f7f2880dcfe309b091a673bb2827c4dd788330a4b62c02
3w-outer31002-seed42-tf_c,3W,31002,42,TF-C,TRACK_B_METHOD_NATIVE_REPRESENTATION,NEW_POSTHOC_TRAINING,0.28495157181460024,0.592170867678269,0.926723158339015,0.997215777262181,0.9987665741597287,29.666666666666668,outputs\posthoc_recent_baselines\benchmark\3w\outer_31002\seed_42\TF-C\predictions.npz,286465d50b2b1df8db2b751c37abb61856411ef96344332ce0aabeb1778c3980,ee90a235366c270603cd3010a9578683cca247291f13b89a14775382c3d55560
3w-outer31002-seed43-tf_c,3W,31002,43,TF-C,TRACK_B_METHOD_NATIVE_REPRESENTATION,NEW_POSTHOC_TRAINING,0.181791535646276,0.5940988849068726,0.907697802019415,0.9976798143851509,0.9975331483194573,29.666666666666668,outputs\posthoc_recent_baselines\benchmark\3w\outer_31002\seed_43\TF-C\predictions.npz,3e355261ca7a561efb7b9e500d34e2f2e4f7c7568165024618c153aff22949bd,838052b23c370a05dcca05065448a40e947ecb5ec4f79692fcdb9b7ffa1bdbde
3w-outer31002-seed44-tf_c,3W,31002,44,TF-C,TRACK_B_METHOD_NATIVE_REPRESENTATION,NEW_POSTHOC_TRAINING,0.2782305634144881,0.13573607269547816,0.9277404413276625,0.9998143851508121,0.9997944290266214,16.333333333333332,outputs\posthoc_recent_baselines\benchmark\3w\outer_31002\seed_44\TF-C\predictions.npz,e1f743b7c19baa1ce558c62651b2683a2d5e50fc219ffc65c8610ac661a5650f,d941b1a7a9d652fd4ef86b746867fc99a480f8c77f7b7d4fd6de62bb7a80ae05
3w-outer31003-seed42-tf_c,3W,31003,42,TF-C,TRACK_B_METHOD_NATIVE_REPRESENTATION,NEW_POSTHOC_TRAINING,0.2800392498534803,0.8940292024069927,0.853416882648207,0.973053356282272,0.9721838851500363,172.33333333333334,outputs\posthoc_recent_baselines\benchmark\3w\outer_31003\seed_42\TF-C\predictions.npz,5f00d90beb5ab858db0c236420bf59f477fecca2f06878848e96e37116619906,6c7a0189d81b68c3aca964afa63634287e7092e9050785706bf7c18609e1d1ff
3w-outer31003-seed43-tf_c,3W,31003,43,TF-C,TRACK_B_METHOD_NATIVE_REPRESENTATION,NEW_POSTHOC_TRAINING,0.3269367372508786,0.8947762090646352,0.7824546438765132,0.9902099827882961,0.9899122120569697,133.93333333333334,outputs\posthoc_recent_baselines\benchmark\3w\outer_31003\seed_43\TF-C\predictions.npz,da7be945eaa60d56b18d141be78ac7cbf50dbe93dc9e02fa3d0a452d67a599f5,c0602f6119f13708646d0f3a7c1de7598995a631ee63e97e249f6db47cac90af
3w-outer31003-seed44-tf_c,3W,31003,44,TF-C,TRACK_B_METHOD_NATIVE_REPRESENTATION,NEW_POSTHOC_TRAINING,0.23734070346345565,0.8951504909064999,0.9540369410452413,0.9586781411359725,0.9577280423430986,362.2,outputs\posthoc_recent_baselines\benchmark\3w\outer_31003\seed_44\TF-C\predictions.npz,4f4db6437344c38ce6b64072b23e1f6f3cc515c40fac2cd01dd94f84abc0afcc,8b68334e5634eab30726015c399d9bbc989ecef37e5d8cff3dfb932161c40d1e
3w-outer31001-seed42-ts2vec,3W,31001,42,TS2Vec,TRACK_B_METHOD_NATIVE_REPRESENTATION,NEW_POSTHOC_TRAINING,0.3613975372196813,0.6403652815136516,0.4216826570902789,0.7839997120955843,0.8021740806414309,842.8,outputs\posthoc_recent_baselines\benchmark\3w\outer_31001\seed_42\TS2Vec\predictions.npz,d606030b6f593064419a3ada4da76b86892a5180b784714bc4e3805cb6a06ea8,4ffe6e24436f8ba636d7075dc98d15f9261d8808bf75f1808e7632f739f0ed33
3w-outer31001-seed43-ts2vec,3W,31001,43,TS2Vec,TRACK_B_METHOD_NATIVE_REPRESENTATION,NEW_POSTHOC_TRAINING,0.15778288246476263,0.18441570969384669,0.5842311196869807,0.19480332529600172,0.18464266440521163,1716.0526315789473,outputs\posthoc_recent_baselines\benchmark\3w\outer_31001\seed_43\TS2Vec\predictions.npz,e48e22277316059a4fd2c0c9fe6f7ebcd33362c56c961f96bf55dfb148f2a2f8,e49838a34673f51abee3d0ba173adb8bb446a45bcffd008e26c2892eaf4d0964
3w-outer31001-seed44-ts2vec,3W,31001,44,TS2Vec,TRACK_B_METHOD_NATIVE_REPRESENTATION,NEW_POSTHOC_TRAINING,0.20502607250910906,0.23117897201300538,0.5204212895963981,0.8880051822794832,0.9036697247706422,17.94736842105263,outputs\posthoc_recent_baselines\benchmark\3w\outer_31001\seed_44\TS2Vec\predictions.npz,8b69c7e7a8d3487bd63dcab8f0556092a4f0d7cb71490a01fe5a0c4994cf4275,eb9ad30120fdaa5db7a943f2ae8a45a2eab344742a5398fdfe99b602c9b9ebc1
3w-outer31002-seed42-ts2vec,3W,31002,42,TS2Vec,TRACK_B_METHOD_NATIVE_REPRESENTATION,NEW_POSTHOC_TRAINING,0.07711869006239165,0.07367604131574473,0.9539192450461565,0.7618561484918793,0.7773666358310206,2768.3333333333335,outputs\posthoc_recent_baselines\benchmark\3w\outer_31002\seed_42\TS2Vec\predictions.npz,647cc4561f1d5bd8027936a3bdb052d1b5fe63d51601a3b633fede7382844b85,799eb698a71df3211226ac95c0ad549d95276f79f00a1354e1be3cfae59c212d
3w-outer31002-seed43-ts2vec,3W,31002,43,TS2Vec,TRACK_B_METHOD_NATIVE_REPRESENTATION,NEW_POSTHOC_TRAINING,0.2294731547939566,0.6388481477898249,0.8331439455428936,0.757030162412993,0.7314215232809127,5429.9,outputs\posthoc_recent_baselines\benchmark\3w\outer_31002\seed_43\TS2Vec\predictions.npz,4e9e16c4467c08fc0e757f2299589ce5079af25cdf78b1217e838a1c11d2270d,3cada19355ce4f41bdf99fe6ce6e013d5ff882c556176472a2343d9def25b60b
3w-outer31002-seed44-ts2vec,3W,31002,44,TS2Vec,TRACK_B_METHOD_NATIVE_REPRESENTATION,NEW_POSTHOC_TRAINING,0.25994581596100486,0.2940991642240821,0.8218997218705021,0.8669141531322506,0.8678178641175865,1320.909090909091,outputs\posthoc_recent_baselines\benchmark\3w\outer_31002\seed_44\TS2Vec\predictions.npz,cec58764eaefbc3ac71d6bdf761a2c114f836c5725d6fab92d3f62a487ffeb42,7462c3870f76658f3b8536cb210e2c4b6cc87c1be21e1e71b85950a512ca6fc7
3w-outer31003-seed42-ts2vec,3W,31003,42,TS2Vec,TRACK_B_METHOD_NATIVE_REPRESENTATION,NEW_POSTHOC_TRAINING,0.2500487172689602,0.7832753506108718,0.9725402709884846,0.9670912220309811,0.9669052260148258,185.13333333333333,outputs\posthoc_recent_baselines\benchmark\3w\outer_31003\seed_42\TS2Vec\predictions.npz,2521bd9cb44c8cf4a1f2ecf109841a8ab9afed3b226c39147d0a213c3335993d,74e8089b408ebbca6b24e34296b2389d722f6f70c876a80f03d04ecf61592809
3w-outer31003-seed43-ts2vec,3W,31003,43,TS2Vec,TRACK_B_METHOD_NATIVE_REPRESENTATION,NEW_POSTHOC_TRAINING,0.3207615694284915,0.7439306811103448,0.6441389718185099,0.831380378657487,0.8290482762545708,96.64285714285714,outputs\posthoc_recent_baselines\benchmark\3w\outer_31003\seed_43\TS2Vec\predictions.npz,84b812263858ac9adb1905921e1544ac571138c79922a4fcdde9bd3e6b2d22b4,fc0a04eceaf2ba40e636053cd5c38a7f0778d2d4317127f92906d4b336d12093
3w-outer31003-seed44-ts2vec,3W,31003,44,TS2Vec,TRACK_B_METHOD_NATIVE_REPRESENTATION,NEW_POSTHOC_TRAINING,0.21332503954955234,0.6523905379054695,0.8222171188609297,0.8877383820998279,0.908939572869684,481.6666666666667,outputs\posthoc_recent_baselines\benchmark\3w\outer_31003\seed_44\TS2Vec\predictions.npz,0bcb1c4f895a8946ce7d9df4f424fc8ff038084913cb6a27e89370a6f8538b51,5d03c7b0535ceff2f16eb4d44bb54a1f197bb9856b3629cc82f81f4b7653e11f
3w-outer31001-seed42-uniform_diffusion,3W,31001,42,UNIFORM_DIFFUSION,TRACK_A_FROZEN_PAPER_FINAL_REFERENCE,FROZEN_PAPER_FINAL_REUSE,0.2649979483364888,0.8297327414134148,0.5572349966947169,0.9902472379170115,0.9895536196129828,171.0952380952381,outputs\paper_final\3w\outer_31001\model_seed_42\UNIFORM_DIFFUSION\predictions.npz,686c6a2917f098da5770aee5e50c9da171fd09cac0dababfb9a3dd1d53d3e4b3,388d3f9b045b805f47474223cfcf72d9b635e1cfeec0b00a59a672c68f8f306c
3w-outer31001-seed43-uniform_diffusion,3W,31001,43,UNIFORM_DIFFUSION,TRACK_A_FROZEN_PAPER_FINAL_REFERENCE,FROZEN_PAPER_FINAL_REUSE,0.6167476833274964,0.8895987428783005,0.056868735595218954,0.8667002555151689,0.8716367280857297,561.1904761904761,outputs\paper_final\3w\outer_31001\model_seed_43\UNIFORM_DIFFUSION\predictions.npz,43fddf6ded1f43fb28c7e944bfff94994be3ff1518529888d18e41d4bda2a072,2dc67ff1989d99e5ecff97493b4b082d8890a6bf98622ea776808d54f08d5d0a
3w-outer31001-seed44-uniform_diffusion,3W,31001,44,UNIFORM_DIFFUSION,TRACK_A_FROZEN_PAPER_FINAL_REFERENCE,FROZEN_PAPER_FINAL_REUSE,0.34607240317778964,0.8125221932942687,0.4042182558825106,0.9734768057005074,0.9715904710508056,591.6666666666666,outputs\paper_final\3w\outer_31001\model_seed_44\UNIFORM_DIFFUSION\predictions.npz,cada82ce4cea6b50a7c8e0e8c9eafef140d15956cf99843be672456faa7a1479,a7001c2d66979009edb85ce45b2a7800e68d1d31781cc96bbc145ec0ee569506
3w-outer31002-seed42-uniform_diffusion,3W,31002,42,UNIFORM_DIFFUSION,TRACK_A_FROZEN_PAPER_FINAL_REFERENCE,FROZEN_PAPER_FINAL_REUSE,0.13602264774647604,0.6534800532479228,0.9831282534116857,0.7878422273781902,0.7650323774283071,5122.7,outputs\paper_final\3w\outer_31002\model_seed_42\UNIFORM_DIFFUSION\predictions.npz,24f1c1d5f1ceaa74d8e49ede0e20f66fed33e9459a465205525d0a8d091efa54,ba206d0252a00e1b1de6d74834978e801277f095539f8efbfa455a29e0f94694
3w-outer31002-seed43-uniform_diffusion,3W,31002,43,UNIFORM_DIFFUSION,TRACK_A_FROZEN_PAPER_FINAL_REFERENCE,FROZEN_PAPER_FINAL_REUSE,0.2789983012098678,0.6575938426727408,0.9236388428947112,0.9671461716937355,0.9636139377119951,13.666666666666666,outputs\paper_final\3w\outer_31002\model_seed_43\UNIFORM_DIFFUSION\predictions.npz,48e31fa0cba4d231eae7f99b278dd32e3374981557fb33eee7ced69329afa42b,1a6218b778df4760e55ac6493e47e38c173421d0ce8ce677b6ae3e59f0b6f867
3w-outer31002-seed44-uniform_diffusion,3W,31002,44,UNIFORM_DIFFUSION,TRACK_A_FROZEN_PAPER_FINAL_REFERENCE,FROZEN_PAPER_FINAL_REUSE,0.12849488629077457,0.6587131423680154,0.9322532818198543,0.7619489559164733,0.7363552266419982,5129.888888888889,outputs\paper_final\3w\outer_31002\model_seed_44\UNIFORM_DIFFUSION\predictions.npz,eaafc3b1dd93c40c3d0c08abecdda2dec40d81c47ef79fe597d77ac6e86d89c5,ba9e0eb22d184f4af21ec60b8cbc604befac93de43843bc21dc5c3e6e7fa5ebf
3w-outer31003-seed42-uniform_diffusion,3W,31003,42,UNIFORM_DIFFUSION,TRACK_A_FROZEN_PAPER_FINAL_REFERENCE,FROZEN_PAPER_FINAL_REUSE,0.34128776184842047,0.8567128307743743,0.8956070995046095,0.9817969018932874,0.9813326124382852,68.07142857142857,outputs\paper_final\3w\outer_31003\model_seed_42\UNIFORM_DIFFUSION\predictions.npz,e1b076185a83eebaa22f9be082c48583c4c12ae6e7add2eee7c926a495db18c8,27882f89b4c39d490148f0332d9713f207c366328dd2cd4ddac5b1a5dd6cfb25
3w-outer31003-seed43-uniform_diffusion,3W,31003,43,UNIFORM_DIFFUSION,TRACK_A_FROZEN_PAPER_FINAL_REFERENCE,FROZEN_PAPER_FINAL_REUSE,0.3500354152315652,0.8772239661838703,0.7634920114169482,0.9429810671256454,0.9415079037605111,67.76923076923077,outputs\paper_final\3w\outer_31003\model_seed_43\UNIFORM_DIFFUSION\predictions.npz,b2e07ea09f1c85781f62f9546bab40f7f05980061abbbb68e122592f20a21209,4bcb7f98bdd28a049a68ea411c23045a830d1a49fadb9cf49d160d3de4de8546
3w-outer31003-seed44-uniform_diffusion,3W,31003,44,UNIFORM_DIFFUSION,TRACK_A_FROZEN_PAPER_FINAL_REFERENCE,FROZEN_PAPER_FINAL_REUSE,0.2531195199854207,0.8730485831480808,0.7929529871067222,0.9393872633390705,0.9421908569639884,163.76923076923077,outputs\paper_final\3w\outer_31003\model_seed_44\UNIFORM_DIFFUSION\predictions.npz,d870aaeff0a83d22348ce5570cd71231f12af71b4b2e086cfa8575e8385df61c,abd82c5d1568748eb754ccbe09495414437f3cb3ca3b06c05dfcba79abdd7275
tep-outer32001-seed7-autotcl,TEP,32001,7,AutoTCL,TRACK_A_MECHANISM_ADAPTATION,NEW_POSTHOC_TRAINING,0.920434659559916,0.9749528365344883,0.003427004797806717,0.8323504633529908,0.76875,92.62162162162163,outputs\posthoc_recent_baselines\benchmark\tep\outer_32001\seed_7\AutoTCL\predictions.npz,0e7b2b5710438c6ba7e7d0729a455e435d05e5293dde88bf353f4cf146f117c2,807be0c811242f27185d8b376d138b8504a6383ef22a9868d1102948f4051bb1
tep-outer32001-seed42-autotcl,TEP,32001,42,AutoTCL,TRACK_A_MECHANISM_ADAPTATION,NEW_POSTHOC_TRAINING,0.9260743003717901,0.9788525123491975,0.004797806716929404,0.8458298230834035,0.7875,80.94594594594595,outputs\posthoc_recent_baselines\benchmark\tep\outer_32001\seed_42\AutoTCL\predictions.npz,f529271395f435b84c322a0f5f91daf88db9f2451fb472731e0692e7c98cc875,0ac45e00036df517c0cc033ec77a3ab47d985ffb35f1b4b99fb6af32bb50fe5e
tep-outer32001-seed2026-autotcl,TEP,32001,2026,AutoTCL,TRACK_A_MECHANISM_ADAPTATION,NEW_POSTHOC_TRAINING,0.9017028060391049,0.9540838450733551,0.03015764222069911,0.8239258635214828,0.725,109.84210526315789,outputs\posthoc_recent_baselines\benchmark\tep\outer_32001\seed_2026\AutoTCL\predictions.npz,a0910d1336311c810f864dfe68992cadb40a49225553baf4c96cef9935c6e59e,2cc2e381f703db0f41d07c744ec2a1a54cd3e77ec87930303cd24db9027f416f
tep-outer32002-seed7-autotcl,TEP,32002,7,AutoTCL,TRACK_A_MECHANISM_ADAPTATION,NEW_POSTHOC_TRAINING,0.9151605392156863,0.9664189093231774,0.005710206995003569,0.8264532434709352,0.7625,101.15384615384616,outputs\posthoc_recent_baselines\benchmark\tep\outer_32002\seed_7\AutoTCL\predictions.npz,e58202463c7e1c329689e500a70995912a16420c9c3a000ebd4d1d1efcdf6c6e,dd1d3d2c9626fe7c1792cf870919905303f050436e0a6cd20cf65562facf9d3d
tep-outer32002-seed42-autotcl,TEP,32002,42,AutoTCL,TRACK_A_MECHANISM_ADAPTATION,NEW_POSTHOC_TRAINING,0.9187592058939772,0.978264647227688,0.0035688793718772305,0.83150800336984,0.7875,92.57894736842105,outputs\posthoc_recent_baselines\benchmark\tep\outer_32002\seed_42\AutoTCL\predictions.npz,e6bed7743638d5c17be0f364ed8c444bdb584cb5b19d582f8a2280d9705cf44a,70653c84623d3d0671f5d298e93404e9a59a1edd16daee351137fd522bf373ef
tep-outer32002-seed2026-autotcl,TEP,32002,2026,AutoTCL,TRACK_A_MECHANISM_ADAPTATION,NEW_POSTHOC_TRAINING,0.9228921980490654,0.9783541907508417,0.006423982869379015,0.8433024431339511,0.775,92.22222222222223,outputs\posthoc_recent_baselines\benchmark\tep\outer_32002\seed_2026\AutoTCL\predictions.npz,2d0ccd491b9020e965b632d6757e774115c0b8de68d89358da819f48916aacdb,4d67c8b1cb23373c846a7967e25fcf8f73510d69a65471d91e0c05e9bcbb70af
tep-outer32003-seed7-autotcl,TEP,32003,7,AutoTCL,TRACK_A_MECHANISM_ADAPTATION,NEW_POSTHOC_TRAINING,0.9552780192000128,0.9919739392260387,0.023192360163710776,0.9304635761589404,0.94375,73.4,outputs\posthoc_recent_baselines\benchmark\tep\outer_32003\seed_7\AutoTCL\predictions.npz,cfd3239450ac39970d6d66ea2007c8dc1750640ff498d88f24f1923b324c82b8,5fa2663f6547eb9efbcd06b2605982685adef65b2ac34e90bf21c462fea30211
tep-outer32003-seed42-autotcl,TEP,32003,42,AutoTCL,TRACK_A_MECHANISM_ADAPTATION,NEW_POSTHOC_TRAINING,0.9667515192071185,0.9950040752620615,0.02592087312414734,0.9586092715231788,0.975,73.0,outputs\posthoc_recent_baselines\benchmark\tep\outer_32003\seed_42\AutoTCL\predictions.npz,9d44f2d473ac4683e7d71789c924cb4cce0b7c4efc3eb0e168d8dd2b25999ce0,2917eeb0da8d79a8f52e278294350c83680305814daf9c70c77b25c2efa61441
tep-outer32003-seed2026-autotcl,TEP,32003,2026,AutoTCL,TRACK_A_MECHANISM_ADAPTATION,NEW_POSTHOC_TRAINING,0.9705021474377831,0.9963195935276187,0.018417462482946793,0.9577814569536424,0.98125,73.0,outputs\posthoc_recent_baselines\benchmark\tep\outer_32003\seed_2026\AutoTCL\predictions.npz,6d1ae67ebb1abf69b38789b680c196f7888436fb87ecb768fe0049abe0464646,7ec420f33863cf75414584ac64d1c457a64effaad91bf00994a1cae361a6253f
tep-outer32001-seed7-final_qdiffcl,TEP,32001,7,FINAL_QDIFFCL,TRACK_A_FROZEN_PAPER_FINAL_REFERENCE,FROZEN_PAPER_FINAL_REUSE,0.9538962275986079,0.9876922393990657,0.018505825908156272,0.9216512215669755,0.875,82.1,outputs\paper_final\tep\outer_32001\model_seed_7\FINAL_QDIFFCL\predictions.npz,b5c308ca94dc7fa42e6c285571b51bca324dd44edae203f0429ed61a8cfc3d4a,4ee3045ca68fa48b37b115627e1eb4705b5e6acd808bbffce6a5a2007ab43de2
tep-outer32001-seed42-final_qdiffcl,TEP,32001,42,FINAL_QDIFFCL,TRACK_A_FROZEN_PAPER_FINAL_REFERENCE,FROZEN_PAPER_FINAL_REUSE,0.9584819366030412,0.9894381026619724,0.01233721727210418,0.9241786015164279,0.89375,75.3076923076923,outputs\paper_final\tep\outer_32001\model_seed_42\FINAL_QDIFFCL\predictions.npz,adef5e89094bb3394bde9b04a84d24b4aa6f67911dda43598060a1bb8533df1d,e965a7ac3375961436865501df124852031b8782807a4b5d24a8815ab943a07f
tep-outer32001-seed2026-final_qdiffcl,TEP,32001,2026,FINAL_QDIFFCL,TRACK_A_FROZEN_PAPER_FINAL_REFERENCE,FROZEN_PAPER_FINAL_REUSE,0.901168684507708,0.9598990555215327,0.04934886908841672,0.8449873631002527,0.75,100.57894736842105,outputs\paper_final\tep\outer_32001\model_seed_2026\FINAL_QDIFFCL\predictions.npz,ab10563a655de03fd800ed313574cc3163fb42e8463c5eeaee822f5a3ae7c83e,3150ace0d6fdb6eacdad294f794fdb3a52727aa241af20c75a46b598ae2f32bb
tep-outer32002-seed7-final_qdiffcl,TEP,32002,7,FINAL_QDIFFCL,TRACK_A_FROZEN_PAPER_FINAL_REFERENCE,FROZEN_PAPER_FINAL_REUSE,0.9383015977935831,0.9864673517251993,0.01284796573875803,0.8828980623420387,0.825,83.92307692307692,outputs\paper_final\tep\outer_32002\model_seed_7\FINAL_QDIFFCL\predictions.npz,afab05afd8f531c2afd00be77d5a9d61bb691961d369855f94ab78e083492dbd,edb9b73237fab53b5daa183ef00f622d573d91825e6fdafc2812f741129c3d85
tep-outer32002-seed42-final_qdiffcl,TEP,32002,42,FINAL_QDIFFCL,TRACK_A_FROZEN_PAPER_FINAL_REFERENCE,FROZEN_PAPER_FINAL_REUSE,0.9099598617133482,0.9664669110398755,0.02212705210563883,0.8340353833192923,0.8,97.46153846153847,outputs\paper_final\tep\outer_32002\model_seed_42\FINAL_QDIFFCL\predictions.npz,38778e1e070bafef4e94e60bf5d473fd42c686b83ddb767bbb6f6c0f89b2529d,fcd416f0e1836bd51c2028b9be51ed52bacaddf4f6d03a7ca1105ce257464615
tep-outer32002-seed2026-final_qdiffcl,TEP,32002,2026,FINAL_QDIFFCL,TRACK_A_FROZEN_PAPER_FINAL_REFERENCE,FROZEN_PAPER_FINAL_REUSE,0.9208615067239605,0.9709825737442896,0.02212705210563883,0.8567818028643639,0.79375,98.6923076923077,outputs\paper_final\tep\outer_32002\model_seed_2026\FINAL_QDIFFCL\predictions.npz,2f8e03f7500abc2cb0eaac73b5ac99e7f9fb241d6474c3eb534673d0ed9c6e7a,08f7f260fc4c58ab4bd4a0debbca3c597d6eef72e7bc9d9148432ca5653b3783
tep-outer32003-seed7-final_qdiffcl,TEP,32003,7,FINAL_QDIFFCL,TRACK_A_FROZEN_PAPER_FINAL_REFERENCE,FROZEN_PAPER_FINAL_REUSE,0.9834001526007594,0.9982092100762204,0.017735334242837655,0.9850993377483444,0.99375,72.6,outputs\paper_final\tep\outer_32003\model_seed_7\FINAL_QDIFFCL\predictions.npz,f1c10b95a6d1a9a17157ad8e4249058dafdacff7d4175d07463f72cb9acb3b7d,8f124659ba6c06f80829c1bcb78a749cca8c5b8ec9b5c6525513912f7eea28a8
tep-outer32003-seed42-final_qdiffcl,TEP,32003,42,FINAL_QDIFFCL,TRACK_A_FROZEN_PAPER_FINAL_REFERENCE,FROZEN_PAPER_FINAL_REUSE,0.9777299626338908,0.9979723036463392,0.020463847203274217,0.9759933774834437,0.99375,73.0,outputs\paper_final\tep\outer_32003\model_seed_42\FINAL_QDIFFCL\predictions.npz,390923d0f4701e7afab3741d37bb7cad60109cf979a8f158fe68188edf4d3421,55f634ce725b3c214dd11f8051eaa78f2e1d02f39de78726bf54463a3810450a
tep-outer32003-seed2026-final_qdiffcl,TEP,32003,2026,FINAL_QDIFFCL,TRACK_A_FROZEN_PAPER_FINAL_REFERENCE,FROZEN_PAPER_FINAL_REUSE,0.9679206848141302,0.9953144532656218,0.030013642564802184,0.9660596026490066,0.975,73.4,outputs\paper_final\tep\outer_32003\model_seed_2026\FINAL_QDIFFCL\predictions.npz,f78570a45a149942a3b259e64732be153bdb7b00d318b794c1c0e8b9926d6adc,be20df746a9452140da2e126a79f79bf7ad26717e7796cc588f1395bea110ef0
tep-outer32001-seed7-frera,TEP,32001,7,FRERA,TRACK_A_FROZEN_PAPER_FINAL_REFERENCE,FROZEN_PAPER_FINAL_REUSE,0.9634610870097674,0.993385504523943,0.00616860863605209,0.9275484414490311,0.89375,82.5,outputs\paper_final\tep\outer_32001\model_seed_7\FRERA\predictions.npz,4bcf90195e0b8cb8b7b54f7de029aeecc31074c1ef11a638722d5dcbb43c9a81,9d161efba5c87f126defbeb7e873e0fddd01f60baddd137f8f1fb43001bc0354
tep-outer32001-seed42-frera,TEP,32001,42,FRERA,TRACK_A_FROZEN_PAPER_FINAL_REFERENCE,FROZEN_PAPER_FINAL_REUSE,0.9624062286883382,0.9922533288845202,0.01644962302947224,0.9376579612468408,0.925,81.3,outputs\paper_final\tep\outer_32001\model_seed_42\FRERA\predictions.npz,e7885be5a8ff0463ec2c58e1c5ed266bcc740c8692b389e5431e1a84fe7e7488,15481981f6d01f5979887914b8cdafcee31d4731e283966f9ad655cda8ec3295
tep-outer32001-seed2026-frera,TEP,32001,2026,FRERA,TRACK_A_FROZEN_PAPER_FINAL_REFERENCE,FROZEN_PAPER_FINAL_REUSE,0.9568736542662706,0.9901282635666753,0.00822481151473612,0.9157540016849199,0.86875,80.23076923076923,outputs\paper_final\tep\outer_32001\model_seed_2026\FRERA\predictions.npz,8d4c0dead86a132cd881cf5fd6b482b8ab6f11effeefcc3b145dca800757ceae,456eff16e4840176ee11a4e0394a96be0ec9c713276685dcdd9f706838f3785b
tep-outer32002-seed7-frera,TEP,32002,7,FRERA,TRACK_A_FROZEN_PAPER_FINAL_REFERENCE,FROZEN_PAPER_FINAL_REUSE,0.929318779396662,0.9840200061235616,0.004996431120628123,0.8550968828980623,0.78125,99.92307692307692,outputs\paper_final\tep\outer_32002\model_seed_7\FRERA\predictions.npz,cccad3641b053bc04c357bf89897c724f015a54560f88abbe18db99838a698fa,585ab2dc616222576f79990fa9d96adc89850eaa97802584e40e15f9ea97265b
tep-outer32002-seed42-frera,TEP,32002,42,FRERA,TRACK_A_FROZEN_PAPER_FINAL_REFERENCE,FROZEN_PAPER_FINAL_REUSE,0.939747271604279,0.9907012918011262,0.004282655246252677,0.8761583824768323,0.81875,96.1,outputs\paper_final\tep\outer_32002\model_seed_42\FRERA\predictions.npz,56516d5c67c5b1bc8096f185cc08650f2fc273bf072272445fd6024feb5eab3e,84d1cb61896e8419c405da234e16feb1a103d3090b8e4b8b7bd232f78a41f92e
tep-outer32002-seed2026-frera,TEP,32002,2026,FRERA,TRACK_A_FROZEN_PAPER_FINAL_REFERENCE,FROZEN_PAPER_FINAL_REUSE,0.909875366568915,0.9675135562730722,0.019271948608137045,0.8306655433866892,0.75,111.52631578947368,outputs\paper_final\tep\outer_32002\model_seed_2026\FRERA\predictions.npz,dbcc955b010bdce915afc6c6ad87a1740667682a059386b3cf20341a41f3684e,f1fae92e94fa7706f6f852ece26c3ce06c3c52d8b5cc22efe3ec546cae9c4ba6
tep-outer32003-seed7-frera,TEP,32003,7,FRERA,TRACK_A_FROZEN_PAPER_FINAL_REFERENCE,FROZEN_PAPER_FINAL_REUSE,0.9754722761645871,0.9971456573218609,0.023874488403819918,0.9751655629139073,0.975,73.8,outputs\paper_final\tep\outer_32003\model_seed_7\FRERA\predictions.npz,bd87609a4e5ffc5bef88ce2df34131b195e72cfc4449e912a02102881cbeff5e,0b3e7fbf98b675985254ce1cf84898f93097f7c957edff16fbd1b9bd7fe303bd
tep-outer32003-seed42-frera,TEP,32003,42,FRERA,TRACK_A_FROZEN_PAPER_FINAL_REFERENCE,FROZEN_PAPER_FINAL_REUSE,0.962563398745495,0.9943107381030976,0.02592087312414734,0.9495033112582781,0.9625,75.8,outputs\paper_final\tep\outer_32003\model_seed_42\FRERA\predictions.npz,9f9a46afcbe4e1918aba770bd4653ccc2a68d0af2356cca64112ea968a01305a,b10ff5375fea32c69edd9bfcafa75ae3d3a01862068e5aec41344237f5e70f00
tep-outer32003-seed2026-frera,TEP,32003,2026,FRERA,TRACK_A_FROZEN_PAPER_FINAL_REFERENCE,FROZEN_PAPER_FINAL_REUSE,0.9536616447127891,0.9920990761098889,0.05184174624829468,0.9610927152317881,0.93125,76.6,outputs\paper_final\tep\outer_32003\model_seed_2026\FRERA\predictions.npz,e5beec1753e14246ae0cbc1f5bc92e112f7406176e603d2a02012a5df6b98e18,58a068b78d6325dbed4228498388af9f8fca534b4320d2dfde9c49ccba126182
tep-outer32001-seed7-no_aug,TEP,32001,7,NO_AUG,TRACK_A_FROZEN_PAPER_FINAL_REFERENCE,FROZEN_PAPER_FINAL_REUSE,0.9515815058303305,0.9874942536676893,0.019876627827278958,0.9182813816343723,0.875,82.1,outputs\paper_final\tep\outer_32001\model_seed_7\NO_AUG\predictions.npz,3487cc1380151a5778234ff23b0643a43af4ecfa0973a6aa6972a5525fa619cb,708c17b4278125acd4e25cebbd2215388dd3103c16553acd6b8b26289e919210
tep-outer32001-seed42-no_aug,TEP,32001,42,NO_AUG,TRACK_A_FROZEN_PAPER_FINAL_REFERENCE,FROZEN_PAPER_FINAL_REUSE,0.9568554715365958,0.989059350873498,0.006854009595613434,0.9140690817186183,0.8875,74.47368421052632,outputs\paper_final\tep\outer_32001\model_seed_42\NO_AUG\predictions.npz,cf1308b8671a3c189f7328a9bbd30cb5ec09d1d3972e72aaaf91f2a02056f748,24fd9fba50cf013d13b08f851c34a7771cb0c50f474af856750be206a73ad506
tep-outer32001-seed2026-no_aug,TEP,32001,2026,NO_AUG,TRACK_A_FROZEN_PAPER_FINAL_REFERENCE,FROZEN_PAPER_FINAL_REUSE,0.9027129238122751,0.960476759954722,0.047978067169294036,0.8466722830665543,0.75,100.57894736842105,outputs\paper_final\tep\outer_32001\model_seed_2026\NO_AUG\predictions.npz,08f19034db2725dfea2206192b7cc2476605d53125075e468d46717de8da464d,25d73bb0346fcc9841778288120b4bfe894f4497ad9552321363e42a266ee715
tep-outer32002-seed7-no_aug,TEP,32002,7,NO_AUG,TRACK_A_FROZEN_PAPER_FINAL_REFERENCE,FROZEN_PAPER_FINAL_REUSE,0.9386118139353834,0.9867142804893537,0.007851534618129907,0.8778433024431339,0.8125,85.15384615384616,outputs\paper_final\tep\outer_32002\model_seed_7\NO_AUG\predictions.npz,36adc458bc3ccfed043eb00f032c1c8c2f7f09db5ee39dcb14987132afada588,7a7c1fa51d9d29330d6631447215700711296afcd2c46dd0ea9233c4b2626f99
tep-outer32002-seed42-no_aug,TEP,32002,42,NO_AUG,TRACK_A_FROZEN_PAPER_FINAL_REFERENCE,FROZEN_PAPER_FINAL_REUSE,0.9082062973327332,0.9667508758170481,0.017844396859386154,0.8256107834877844,0.7875,102.7948717948718,outputs\paper_final\tep\outer_32002\model_seed_42\NO_AUG\predictions.npz,7d21a6fdcc5afae661d0fae7d82398951f5d7b58ca2725a3f41205a08a7aaf96,c29d5ee960fe960472dabfd5b19cdbc73a39c8e92a9f493c80475ecf16e4d814
tep-outer32002-seed2026-no_aug,TEP,32002,2026,NO_AUG,TRACK_A_FROZEN_PAPER_FINAL_REFERENCE,FROZEN_PAPER_FINAL_REUSE,0.9204073479509585,0.9707628133749563,0.01998572448251249,0.8534119629317607,0.7875,103.2051282051282,outputs\paper_final\tep\outer_32002\model_seed_2026\NO_AUG\predictions.npz,7c262687b9ab35135972c5ecc5243f3a0883634ae2a6be0364e390075c4c1827,d0afec710e4a4c93f89af3fc5b25dd64cfe29ff687e1497def60feaffce35309
tep-outer32003-seed7-no_aug,TEP,32003,7,NO_AUG,TRACK_A_FROZEN_PAPER_FINAL_REFERENCE,FROZEN_PAPER_FINAL_REUSE,0.9811030076888285,0.9980712542134133,0.011596180081855388,0.972682119205298,0.98125,73.0,outputs\paper_final\tep\outer_32003\model_seed_7\NO_AUG\predictions.npz,99a3d9bef2553aa11c40970f984a66b30eb88085d4d594a4b5ce1267aa11dcae,e731cfe34a82e01052c842102f555f7ad0c609030c202b2532235988cb7e0f97
tep-outer32003-seed42-no_aug,TEP,32003,42,NO_AUG,TRACK_A_FROZEN_PAPER_FINAL_REFERENCE,FROZEN_PAPER_FINAL_REUSE,0.981504545238316,0.9980741804387551,0.017053206002728513,0.9801324503311258,0.98125,73.0,outputs\paper_final\tep\outer_32003\model_seed_42\NO_AUG\predictions.npz,3a68be743d293e8971e40d04330b0b1f7af5ab8cc250e362bd1c88e52192ea77,6361234d9415266e9cc7f2e50a1a0f45badaa48cbeafc34d296f805d44aa4f6d
tep-outer32003-seed2026-no_aug,TEP,32003,2026,NO_AUG,TRACK_A_FROZEN_PAPER_FINAL_REFERENCE,FROZEN_PAPER_FINAL_REUSE,0.964156886814749,0.9949390297809366,0.034788540245566164,0.9635761589403974,0.975,73.4,outputs\paper_final\tep\outer_32003\model_seed_2026\NO_AUG\predictions.npz,f300a4e5a5fbb480f824b4b44168a92b96497c590e0a48ed4cd6fbbb893292a1,a1d06d856ab3203a822997dffbc1205d29b7ea0f8e20a52f179084936569fd28
tep-outer32001-seed7-softclt,TEP,32001,7,SoftCLT,TRACK_A_MECHANISM_ADAPTATION,NEW_POSTHOC_TRAINING,0.7502614596718975,0.8462317632336244,0.16929403701165183,0.6655433866891323,0.51875,146.28205128205127,outputs\posthoc_recent_baselines\benchmark\tep\outer_32001\seed_7\SoftCLT\predictions.npz,6c366f977b19a1bfd84cf827db8dafdf0ebcef9de4b106c6fbb2dba1f145046a,27b776e41f251bdce5258b9129f41f77f1e7d23d8f81be86f24d9d10e0d51644
tep-outer32001-seed42-softclt,TEP,32001,42,SoftCLT,TRACK_A_MECHANISM_ADAPTATION,NEW_POSTHOC_TRAINING,0.7686528676474498,0.8432051210981313,0.13159698423577793,0.6630160067396799,0.5375,149.97435897435898,outputs\posthoc_recent_baselines\benchmark\tep\outer_32001\seed_42\SoftCLT\predictions.npz,bede85ebf537f37c2f193b67e76b8bb9f201ccf0a4af43a910a51ae063e5cf28,cca6f9b89ab111714bcfdaf071cc0a5117ae03a981ea928ac62e83a000ccc058
tep-outer32001-seed2026-softclt,TEP,32001,2026,SoftCLT,TRACK_A_MECHANISM_ADAPTATION,NEW_POSTHOC_TRAINING,0.7547135781933024,0.8651418241336134,0.22618231665524333,0.7363100252737995,0.61875,124.1,outputs\posthoc_recent_baselines\benchmark\tep\outer_32001\seed_2026\SoftCLT\predictions.npz,72e90fc6e22a041ecc84b623e61c3d295ec1cbd17a6949374216a9820ffa4567,06a6f69a805639fd90a3dea08f1406859d61b669918b781601fb99c6a67df5aa
tep-outer32002-seed7-softclt,TEP,32002,7,SoftCLT,TRACK_A_MECHANISM_ADAPTATION,NEW_POSTHOC_TRAINING,0.7628400243096103,0.8519890466635048,0.05281941470378301,0.5770850884582982,0.53125,126.66666666666667,outputs\posthoc_recent_baselines\benchmark\tep\outer_32002\seed_7\SoftCLT\predictions.npz,f7ae3374d610bfa1d51d0d54bec1d314a0d1afe21a3bd796d0f1d8811a0d4e65,54cffbe992ee4e5ad30d59c8e38f6e8e47eb253361a9b37b65a8c03a9d8c2ed6
tep-outer32002-seed42-softclt,TEP,32002,42,SoftCLT,TRACK_A_MECHANISM_ADAPTATION,NEW_POSTHOC_TRAINING,0.7636376358535613,0.8511767545005864,0.04853675945753034,0.5745577085088458,0.50625,140.44444444444446,outputs\posthoc_recent_baselines\benchmark\tep\outer_32002\seed_42\SoftCLT\predictions.npz,f163de5400df8c106b70aba38197ca07f480ecd92a8317b1e10e07be500fee7e,db9fb74cbb63bd8c19087e7bc3dd925d26ea09a48dd318e9a7e5f263d6367b26
tep-outer32002-seed2026-softclt,TEP,32002,2026,SoftCLT,TRACK_A_MECHANISM_ADAPTATION,NEW_POSTHOC_TRAINING,0.7463163717887749,0.8416428671097264,0.03640256959314775,0.5324347093513058,0.51875,151.66666666666666,outputs\posthoc_recent_baselines\benchmark\tep\outer_32002\seed_2026\SoftCLT\predictions.npz,f3b1b0fbec3c27e8d4827213255fd1fa6909da1bb0db5a1ccc7de604984b1323,6788ae99ac7e6035d4448a4f64c7e109465a2d10e11d7bbfc801f4a3cc7f6b15
tep-outer32003-seed7-softclt,TEP,32003,7,SoftCLT,TRACK_A_MECHANISM_ADAPTATION,NEW_POSTHOC_TRAINING,0.7316044397240928,0.8250835837621954,0.017735334242837655,0.48758278145695366,0.46875,143.66666666666666,outputs\posthoc_recent_baselines\benchmark\tep\outer_32003\seed_7\SoftCLT\predictions.npz,b9a5e19912bbb0d598b587f54a8b1cbf66d2e55a2b2c6e2a360305736778e27c,4d2fde1fc513059263dc021d92dd14c6b6a324df537b60937944fa50c8ba726d
tep-outer32003-seed42-softclt,TEP,32003,42,SoftCLT,TRACK_A_MECHANISM_ADAPTATION,NEW_POSTHOC_TRAINING,0.7362206513265194,0.8241383573422789,0.08185538881309687,0.5529801324503312,0.50625,167.4,outputs\posthoc_recent_baselines\benchmark\tep\outer_32003\seed_42\SoftCLT\predictions.npz,ca8e8c2cc20ff8a549df52c72d70189661fb78a2c55b3bd69d8d0a7e25893b35,9d47936ea99602008a722e896208d0a28d3c06630a9d7d9d5e9a2fd23ad9316b
tep-outer32003-seed2026-softclt,TEP,32003,2026,SoftCLT,TRACK_A_MECHANISM_ADAPTATION,NEW_POSTHOC_TRAINING,0.7325229324065519,0.8196557956486401,0.05184174624829468,0.5190397350993378,0.49375,141.78787878787878,outputs\posthoc_recent_baselines\benchmark\tep\outer_32003\seed_2026\SoftCLT\predictions.npz,56747429ba4c97feaf51cd9f33fd8b95e7b7980bc722d7359aa65a4d3485b403,7cd3d97c31a742d3c813de24fb75cd0d83788932f5e46b26cb205f1c264c9d38
tep-outer32001-seed7-tf_c,TEP,32001,7,TF-C,TRACK_B_METHOD_NATIVE_REPRESENTATION,NEW_POSTHOC_TRAINING,0.8237383979986085,0.8941345526356799,0.0774503084304318,0.7160909856781803,0.64375,91.3157894736842,outputs\posthoc_recent_baselines\benchmark\tep\outer_32001\seed_7\TF-C\predictions.npz,284d5299fff3c222140bec6be27262a30c333bd2f1df02fec31f31c7eaf490aa,d565b13792ab01a79f21acaacd045f35d43da2f40d1646792dbbc73a90cee648
tep-outer32001-seed42-tf_c,TEP,32001,42,TF-C,TRACK_B_METHOD_NATIVE_REPRESENTATION,NEW_POSTHOC_TRAINING,0.8242073004810258,0.9015129653734814,0.07813570938999315,0.7177759056444819,0.625,114.1,outputs\posthoc_recent_baselines\benchmark\tep\outer_32001\seed_42\TF-C\predictions.npz,b9b0b2dac11b8c87a93af882c3ca00a89ff24bae8b95e9085f1aa0653eb7b196,3e522610fd083d9cb99dfc552e4eaf35348a349c9eceaf1d129f170a9226f25e
tep-outer32001-seed2026-tf_c,TEP,32001,2026,TF-C,TRACK_B_METHOD_NATIVE_REPRESENTATION,NEW_POSTHOC_TRAINING,0.823316573608746,0.9020696317089524,0.07196710075394105,0.7093513058129739,0.6625,98.5,outputs\posthoc_recent_baselines\benchmark\tep\outer_32001\seed_2026\TF-C\predictions.npz,afee3ec803df620587a82bd26e5a013bf2e58cb2f8f8120b874f748b1bc004b0,2adc0cb405d91a1babd86ba0e7a41c0ddf33122c1d3139a4423498566cfb1bb0
tep-outer32002-seed7-tf_c,TEP,32002,7,TF-C,TRACK_B_METHOD_NATIVE_REPRESENTATION,NEW_POSTHOC_TRAINING,0.7940609762099591,0.8836528769308087,0.11206281227694503,0.6950294860994103,0.65,103.3,outputs\posthoc_recent_baselines\benchmark\tep\outer_32002\seed_7\TF-C\predictions.npz,8d8d06153c632160ecea9a9d733f2c3ca26ed472f217442c8e29b581f808ebb7,9e5e9b37463a29701780bcb33f7938cf6de9694266813c9abb2f26141add88ab
tep-outer32002-seed42-tf_c,TEP,32002,42,TF-C,TRACK_B_METHOD_NATIVE_REPRESENTATION,NEW_POSTHOC_TRAINING,0.8022002688266192,0.8896671179879616,0.0649536045681656,0.6630160067396799,0.6625,109.7,outputs\posthoc_recent_baselines\benchmark\tep\outer_32002\seed_42\TF-C\predictions.npz,fb4391ae7ed796a3258473ca05aeeb2d4b544d9cb0363bd65d9592a7fcee9841,69ee5d41c65b6d458ab15d1b518fae0ec3044074cfdea2b4ce3c8574be2330bf
tep-outer32002-seed2026-tf_c,TEP,32002,2026,TF-C,TRACK_B_METHOD_NATIVE_REPRESENTATION,NEW_POSTHOC_TRAINING,0.7972666697876192,0.8950687901033755,0.0635260528194147,0.6520640269587195,0.61875,106.8974358974359,outputs\posthoc_recent_baselines\benchmark\tep\outer_32002\seed_2026\TF-C\predictions.npz,43237949bafeb19bbe241ca140291188a8d23fc4670c1cd833c926728644206f,d24543d517504f059a26578bd39946aa4cc4f596019274666c51220d7f37be31
tep-outer32003-seed7-tf_c,TEP,32003,7,TF-C,TRACK_B_METHOD_NATIVE_REPRESENTATION,NEW_POSTHOC_TRAINING,0.7941792611118419,0.872460329880655,0.12346521145975443,0.7061258278145696,0.6625,109.8,outputs\posthoc_recent_baselines\benchmark\tep\outer_32003\seed_7\TF-C\predictions.npz,89319b05255708d6da8d3cf8220e659f00b8fae237e6cff77cbfe593ef6c7a75,808f4482124ec38ea13cc5d71c543c58a233c3a7cf8fd9f6c2e94ae5657aa995
tep-outer32003-seed42-tf_c,TEP,32003,42,TF-C,TRACK_B_METHOD_NATIVE_REPRESENTATION,NEW_POSTHOC_TRAINING,0.7929472792461466,0.8834776099625434,0.12892223738062755,0.7094370860927153,0.6625,94.6,outputs\posthoc_recent_baselines\benchmark\tep\outer_32003\seed_42\TF-C\predictions.npz,ffb40160fbd72e59976947983e7808af09167654de927c1b9224a7e98ec5a62f,555e7e302c23b56020bfe5f5471b7ec76c1f72f7b172b27040bdfdc365993e85
tep-outer32003-seed2026-tf_c,TEP,32003,2026,TF-C,TRACK_B_METHOD_NATIVE_REPRESENTATION,NEW_POSTHOC_TRAINING,0.775884142362783,0.8804314438308242,0.22373806275579808,0.7781456953642384,0.8,82.2,outputs\posthoc_recent_baselines\benchmark\tep\outer_32003\seed_2026\TF-C\predictions.npz,c1aefc12ffacd5958d3ae164e75a68e04a3ac52e34e70315a49f0f992eddc06e,b1709451c022b98a56706bba3653e0a481a2b6f68f880616d58d125e0c7dd7f5
tep-outer32001-seed7-ts2vec,TEP,32001,7,TS2Vec,TRACK_B_METHOD_NATIVE_REPRESENTATION,NEW_POSTHOC_TRAINING,0.7690431690488152,0.8709702626602964,0.21795750514050719,0.7573715248525695,0.6125,122.9,outputs\posthoc_recent_baselines\benchmark\tep\outer_32001\seed_7\TS2Vec\predictions.npz,e7f8b1295487d80ca74f0c9e4a98aa706f30542c06e6eafcda42d2cb281c5395,5f334dfee3ab2c08c24126ed965b54266be7fa82cdf8405611cbb26350822fb5
tep-outer32001-seed42-ts2vec,TEP,32001,42,TS2Vec,TRACK_B_METHOD_NATIVE_REPRESENTATION,NEW_POSTHOC_TRAINING,0.7825561128976213,0.8691605716162238,0.16518163125428376,0.7270429654591407,0.5375,125.76923076923077,outputs\posthoc_recent_baselines\benchmark\tep\outer_32001\seed_42\TS2Vec\predictions.npz,68eac1ea223410951138bf6647b724a973d1c7354127fcf29bf3ba3262aaa625,fa91bc53950605c58a805361fdf86ba7dfacafade57d4eac4a08c0578bd1df2d
tep-outer32001-seed2026-ts2vec,TEP,32001,2026,TS2Vec,TRACK_B_METHOD_NATIVE_REPRESENTATION,NEW_POSTHOC_TRAINING,0.7899910443942173,0.874764603802328,0.10623714873200822,0.6790227464195451,0.46875,137.21052631578948,outputs\posthoc_recent_baselines\benchmark\tep\outer_32001\seed_2026\TS2Vec\predictions.npz,aec043fc9b5b550ad84c55c549f78e4a55dd5ab52fe6e9a7375b962b42be5d97,de400751acc151d4777f266b652ef1b9edf00f9ecbdef966f764c7887945fa46
tep-outer32002-seed7-ts2vec,TEP,32002,7,TS2Vec,TRACK_B_METHOD_NATIVE_REPRESENTATION,NEW_POSTHOC_TRAINING,0.7637822211552253,0.8601028209869443,0.1377587437544611,0.6613310867733783,0.60625,121.3,outputs\posthoc_recent_baselines\benchmark\tep\outer_32002\seed_7\TS2Vec\predictions.npz,56e02e3fdc78465b774f0cc89a525fe5397c70949c31d8f32910f4a990a1e700,c4fbc881d7bd4375cb362f76bc598780118cb29597bdafc2c511a1fb67f28d00
tep-outer32002-seed42-ts2vec,TEP,32002,42,TS2Vec,TRACK_B_METHOD_NATIVE_REPRESENTATION,NEW_POSTHOC_TRAINING,0.7778980174677981,0.859004226357988,0.1334760885082084,0.6849199663016007,0.61875,107.94736842105263,outputs\posthoc_recent_baselines\benchmark\tep\outer_32002\seed_42\TS2Vec\predictions.npz,1d462fcb9db0b1ba14357bddc310b7e562262155261747337e9c07ee6402b729,a0983042d20a9fddbccd3c7150e4b9cead2207d2d33addf7fe0dc0368169bbbc
tep-outer32002-seed2026-ts2vec,TEP,32002,2026,TS2Vec,TRACK_B_METHOD_NATIVE_REPRESENTATION,NEW_POSTHOC_TRAINING,0.7688349417571385,0.8659795380822073,0.185581727337616,0.7211457455770851,0.6875,109.7,outputs\posthoc_recent_baselines\benchmark\tep\outer_32002\seed_2026\TS2Vec\predictions.npz,d5f5a08f181dc4e5f42b1f0130814c7a7d6e5eb2209a3c91252ec966ae39a3ab,652c6a42feacd7a47fc734a56ec2965dd950d95291dcc4798e46ed4bfb2c0fc6
tep-outer32003-seed7-ts2vec,TEP,32003,7,TS2Vec,TRACK_B_METHOD_NATIVE_REPRESENTATION,NEW_POSTHOC_TRAINING,0.7535368150491372,0.8505125142725856,0.13437926330150068,0.6365894039735099,0.525,131.2051282051282,outputs\posthoc_recent_baselines\benchmark\tep\outer_32003\seed_7\TS2Vec\predictions.npz,da16a1382db572334e99fa3109a78d4cc018ebcd07632c7a4fa1f835dfd39e9d,51284d4547ffaf1f612c3923d2d7a08ab652a75c9ee87be106242fa94bd355f1
tep-outer32003-seed42-ts2vec,TEP,32003,42,TS2Vec,TRACK_B_METHOD_NATIVE_REPRESENTATION,NEW_POSTHOC_TRAINING,0.7552920079219463,0.8392756347887051,0.13915416098226466,0.6448675496688742,0.56875,122.48717948717949,outputs\posthoc_recent_baselines\benchmark\tep\outer_32003\seed_42\TS2Vec\predictions.npz,d78d206bfd141767185d71f79a276e17fa1914b154ca3879347a267ad6fcf940,ec4e043e26f0254e1f7f8d4296a5f913c4d1af8fbc3700bd494be4a0ad3f1169
tep-outer32003-seed2026-ts2vec,TEP,32003,2026,TS2Vec,TRACK_B_METHOD_NATIVE_REPRESENTATION,NEW_POSTHOC_TRAINING,0.7658080034837517,0.8612802447311912,0.15416098226466576,0.6812913907284768,0.56875,119.3076923076923,outputs\posthoc_recent_baselines\benchmark\tep\outer_32003\seed_2026\TS2Vec\predictions.npz,8cb82ccca78d1fa50ea67cad31fb98c03913360e59565f828bc9cc75b257f6fa,632954f3ded83d9a0e7ba42f28cdce212904f1979b5df5752ab76332342f022a
tep-outer32001-seed7-uniform_diffusion,TEP,32001,7,UNIFORM_DIFFUSION,TRACK_A_FROZEN_PAPER_FINAL_REFERENCE,FROZEN_PAPER_FINAL_REUSE,0.9546194216108457,0.9878668921680986,0.01439342015078821,0.9182813816343723,0.875,82.1,outputs\paper_final\tep\outer_32001\model_seed_7\UNIFORM_DIFFUSION\predictions.npz,de0a931b09c254e67b74d99a8ff6cc1167a55e39e19c7141bbfd6a8ca60030a5,a0fdc05914465b46beb86b6e13577cc8f839a5f321c9598291954ecb4d6ef3e2
tep-outer32001-seed42-uniform_diffusion,TEP,32001,42,UNIFORM_DIFFUSION,TRACK_A_FROZEN_PAPER_FINAL_REFERENCE,FROZEN_PAPER_FINAL_REUSE,0.9389184881500439,0.9813695906837295,0.03221384509938314,0.9056444818871103,0.85,85.7,outputs\paper_final\tep\outer_32001\model_seed_42\UNIFORM_DIFFUSION\predictions.npz,fdf7123f3e994918ebb305bd0664ee64e44f6da011eaf67b852dc5d28ee898d7,c0ddfc9509b1dd196bd9266cf5d006c6a6767e34a4b16861caa3a56c114080b4
tep-outer32001-seed2026-uniform_diffusion,TEP,32001,2026,UNIFORM_DIFFUSION,TRACK_A_FROZEN_PAPER_FINAL_REFERENCE,FROZEN_PAPER_FINAL_REUSE,0.9023595586739215,0.9602737853736187,0.04934886908841672,0.8475147430497051,0.75,100.57894736842105,outputs\paper_final\tep\outer_32001\model_seed_2026\UNIFORM_DIFFUSION\predictions.npz,c4e624dd5a673a3bb7e6329b1f60a86edf7af0c80bb39949fac38cafe0cf7cf7,b23a2d8574d764efc58f770668874ebe83ec5a9bef79ef434ecbaea7942d0dcf
tep-outer32002-seed7-uniform_diffusion,TEP,32002,7,UNIFORM_DIFFUSION,TRACK_A_FROZEN_PAPER_FINAL_REFERENCE,FROZEN_PAPER_FINAL_REUSE,0.9378895724158882,0.9863030611352579,0.012134189864382585,0.8812131423757371,0.825,83.92307692307692,outputs\paper_final\tep\outer_32002\model_seed_7\UNIFORM_DIFFUSION\predictions.npz,3e4aa682a5dd9c58f1d02c4a2ca3acad37d886e335044cfc6da1fb25356e8dd9,1f3d652ea4c6ddb44d2f9e0651691e01318f52aaf4b61e5bc5ba0e1a793a61bd
tep-outer32002-seed42-uniform_diffusion,TEP,32002,42,UNIFORM_DIFFUSION,TRACK_A_FROZEN_PAPER_FINAL_REFERENCE,FROZEN_PAPER_FINAL_REUSE,0.9091276597303812,0.9665500260765251,0.021413276231263382,0.83150800336984,0.8,97.46153846153847,outputs\paper_final\tep\outer_32002\model_seed_42\UNIFORM_DIFFUSION\predictions.npz,927771018e5293c873220a89a33b72732265bbd61070ae42ee911679aba7efe1,52009b37aa29d18d45a7e64ecc5b70033f75a87c28a48bd8a0a086b9a062f55f
tep-outer32002-seed2026-uniform_diffusion,TEP,32002,2026,UNIFORM_DIFFUSION,TRACK_A_FROZEN_PAPER_FINAL_REFERENCE,FROZEN_PAPER_FINAL_REUSE,0.9220510386623344,0.9708829846004806,0.021413276231263382,0.8584667228306655,0.79375,98.6923076923077,outputs\paper_final\tep\outer_32002\model_seed_2026\UNIFORM_DIFFUSION\predictions.npz,77cc97f9e0de3581726effdb348bc26382d45dd9b181a656642f64975e6c2fdd,4bc77d3d1942a9a22fc04745f1f36fe044ee0689302ce3e534af41ce85d715d3
tep-outer32003-seed7-uniform_diffusion,TEP,32003,7,UNIFORM_DIFFUSION,TRACK_A_FROZEN_PAPER_FINAL_REFERENCE,FROZEN_PAPER_FINAL_REUSE,0.9795912483039348,0.9980894286164694,0.01296043656207367,0.9710264900662252,0.98125,73.0,outputs\paper_final\tep\outer_32003\model_seed_7\UNIFORM_DIFFUSION\predictions.npz,979f4753d674cb944acf2410bee97d8e9cde0d72c5f9bd059b6e4b8e421f19de,3834a30d4a227aa86e391855c1a58fafc6179cc958f31ff2a72e6f6de0b2518b
tep-outer32003-seed42-uniform_diffusion,TEP,32003,42,UNIFORM_DIFFUSION,TRACK_A_FROZEN_PAPER_FINAL_REFERENCE,FROZEN_PAPER_FINAL_REUSE,0.9777267179570801,0.9979520431774583,0.019781718963165076,0.9751655629139073,0.99375,73.0,outputs\paper_final\tep\outer_32003\model_seed_42\UNIFORM_DIFFUSION\predictions.npz,765bf38f9ee8faebef6ed37cf3e98e6298cd459d169c2f9d3965a78c21625964,187d8dde950f31d3e8d93d3c2891091e8cea7a465265c3f50509bd54b8cda94a
tep-outer32003-seed2026-uniform_diffusion,TEP,32003,2026,UNIFORM_DIFFUSION,TRACK_A_FROZEN_PAPER_FINAL_REFERENCE,FROZEN_PAPER_FINAL_REUSE,0.9683048925519263,0.995466323224826,0.030695770804911322,0.9677152317880795,0.98125,73.4,outputs\paper_final\tep\outer_32003\model_seed_2026\UNIFORM_DIFFUSION\predictions.npz,a9baa8b53324cf192de053a962e79b016e64f379fb23c92589632a1260376013,af75e5d9ddbf14500e723dd76f3253fc66b36236481c0ec598f9b1e07c3c73a9
