method,paper_title,venue,year,official_repo,official_commit_sha,license,native_task,native_dataset,native_encoder,native_objective,mechanism,label_usage,input_shape,classification_support,linear_probe_support,grouped_split_adaptability,code_completeness,dependency_compatibility,estimated_implementation_effort,estimated_gpu_cost,fairness_class,recommended_comparison_track,scientific_relevance,reproducibility,protocol_compatibility,recency_venue,engineering_cost,total_score,selected
TimesURL,TimesURL: Self-supervised Contrastive Learning for Universal Time Series Representation Learning,AAAI,2024,https://github.com/Alrash/TimesURL,d3533e45cb28efe8c986f13ce8d80926d0e9254e,MIT,self-supervised representation,"UEA/UCR/forecasting/anomaly datasets",dilated-convolution TSEncoder,hierarchical contrastive loss,frequency-temporal augmentation and interpolation,pretraining unlabeled; probe labeled,"[N,T,C]",yes,yes,high,complete,current torch/numpy likely compatible,medium,medium,METHOD_NATIVE_REPRESENTATION,Track B method-native representation,4,4,3,4,1,16,yes
MF-CLR,MF-CLR: Multi-Frequency Contrastive Learning Representation for Time Series,ICML,2024,https://github.com/duanjufang/MF-CLR,c40fc8d265947f7a194ac43b8256c2b5d9febe01,MIT,self-supervised representation,"UEA/ETT/Traffic/Weather/SMAP/MSL/SMD",multi-granularity convolutional encoders,multi-frequency combined contrastive loss,multi-grain frequency decomposition and augmentation,pretraining unlabeled; SVM/probe labeled,"[N,T,C]",yes,yes,medium,complete but broad bundled code,current core torch/numpy compatible; bundled baselines add conflicts,medium-high,medium-high,METHOD_NATIVE_REPRESENTATION,Track B method-native representation,4,4,3,4,1,16,yes
REBAR,Retrieval-Based Reconstruction for Time-series Contrastive Learning,ICLR,2024,https://github.com/maxxu05/rebar,74cd46b56262488378f49ebe6ea40ee59ff577dc,MIT,self-supervised representation,"ECG/PPG/HAR",cross-attention reconstruction model,retrieval-derived contrastive positive pairing,reconstruction usefulness selects semantic positive pairs,pretraining unlabeled; probe labeled,"dataset windows; adapter required",yes,yes,medium,complete,official Python 3.8 torch 2.0 CUDA 11.7 env differs,high,high,METHOD_NATIVE_REPRESENTATION,Track B method-native representation,4,4,3,4,0,15,yes
AutoTCL,Parametric Augmentation for Time Series Contrastive Learning,ICLR,2024,https://github.com/AslanDing/AutoTCL,2ca00603734d9d339e74f42b22633df6c91c6256,NO_LICENSE_FILE,self-supervised representation and forecasting,"ETT/Electricity/Weather",encoder-agnostic with CoST example,contrastive objective,parametric learned augmentation network,pretraining unlabeled; downstream labels,"[N,T,C] internally; adapter from [B,C,L]",reported,classification task module present,high,core complete; requirements over-inclusive,current core likely compatible but pinned numpy/numba stack conflicts,medium,medium,MECHANISM_ADAPTATION_ONLY,Track A shared-backbone mechanism adaptation,4,3,3,4,1,15,yes
TF-C,Self-Supervised Contrastive Pre-Training for Time Series via Time-Frequency Consistency,NeurIPS,2022,https://github.com/mims-harvard/TFC-pretraining,96675826e9ef234a9b01cc63d484c66cb0441bc0,MIT,self-supervised transfer representation,"SleepEEG/Epilepsy/FD/HAR/Gesture/ECG/EMG",dual time and frequency encoders,time-frequency consistency contrastive loss,time/frequency augmentations and cross-space alignment,pretraining unlabeled; fine-tune/probe labeled,"[N,C,L]",yes,partial linear evaluation,medium,complete,legacy multi-environment setup,medium,medium,METHOD_NATIVE_REPRESENTATION,Track B method-native representation,4,4,3,2,1,14,no
SoftCLT,Soft Contrastive Learning for Time Series,ICLR,2024,https://github.com/seunghan96/softclt,14c638979b129075d7a1111e9f529b9a275ea394,NO_LICENSE_FILE,self/semi-supervised representation,"UCR/UEA and semi-supervised datasets",TS2Vec or CA-TCC,soft temporal and instance contrastive loss,distance-derived soft assignments,labels optional by mode; probe labeled,"[N,T,C] TS2Vec path",yes,yes,medium,complete dual code paths,current torch likely compatible; no consolidated environment,medium,medium,MECHANISM_ADAPTATION_ONLY,Track A objective adaptation or separate method-native context,3,3,3,4,1,14,no
TS2Vec,TS2Vec: Towards Universal Representation of Time Series,AAAI,2022,https://github.com/yuezhihan/ts2vec,b0088e14a99706c05451316dc6db8d3da9351163,MIT,self-supervised representation,"UCR/UEA/ETT/Electricity/Yahoo/KPI",dilated convolution encoder,hierarchical contextual contrastive loss,random masking and multi-scale crops,pretraining unlabeled; probe labeled,"[N,T,C]",yes,yes,high,complete,current core dependencies compatible,low,low,SHARED_PROTOCOL_COMPATIBLE,Track B method-native representation,2,4,4,2,2,14,no
AutoDA-Timeseries,AutoDA-Timeseries,ICLR,2026,https://github.com/NetManAIOps/AutoDA-Timeseries,91dbf70b54b255214b7f204d8d9f70d26f9c1fe3,NO_LICENSE_FILE,supervised method-native augmentation,"classification/regression/forecasting/anomaly datasets",native downstream models,task loss with augmentation-policy optimization,Catch22-conditioned learnable augmentation policy,supervised labels used by native policy/downstream,"task-specific multivariate windows",yes,no native frozen linear probe,low,cleaned core complete,current core plausible; native pipeline adaptation substantial,high,high,METHOD_NATIVE_REPRESENTATION,method-native supplementary only,4,3,2,4,0,13,no
InfoTS,Time Series Contrastive Learning with Information-Aware Augmentations,AAAI,2023,https://github.com/chengw07/InfoTS,11775205159e87e767aaa61c23e64ae4ef11c6fd,NO_LICENSE_FILE,self-supervised representation,not fully documented in repository,information-aware encoder,contrastive objective,information-aware augmentation,pretraining unlabeled,archive-dependent,claimed,unclear,low,source distributed only as zip with minimal README,unknown legacy dependency set,high,medium,NOT_FAIRLY_REPRODUCIBLE,audit only,4,2,2,3,1,12,no
