dataset,method,track,level,outer_seed,cells,macro_f1_mean,macro_f1_std,auprc_mean,auprc_std,far_mean,far_std,fault_recall_mean,fault_recall_std,early_recall_mean,early_recall_std,detection_delay_mean,detection_delay_std,worst_cell_macro_f1
3W,AutoTCL,TRACK_A_MECHANISM_ADAPTATION,split,31001,3,0.4240950616864034,0.07403146126053284,0.7963176465898397,0.019890252950514508,0.38927301638348427,0.0484342640085398,0.8274252948021257,0.008778232704430814,0.8397450723408629,0.00693130594384872,607.4126984126984,190.50869563916117,
3W,AutoTCL,TRACK_A_MECHANISM_ADAPTATION,split,31002,3,0.2811380371986032,0.04046458821170079,0.6548195294880471,0.049740588198301065,0.966278151142279,0.042529865356178274,0.9854601701469451,0.013657940349592126,0.9838969404186795,0.015126354945714396,25.222222222222218,17.75554164927838,
3W,AutoTCL,TRACK_A_MECHANISM_ADAPTATION,split,31003,3,0.3558260983761592,0.10220200014269584,0.8834190193795739,0.034754784076026654,0.9200485548374396,0.07812055931042652,0.9109213998852553,0.15368054043048407,0.9088352327969305,0.15737217158869546,44.15042735042735,9.49122066852596,
3W,AutoTCL,TRACK_A_MECHANISM_ADAPTATION,overall,ALL,9,0.3536863990870553,0.0715025275594312,0.7781853984858204,0.11537337435754341,0.7585332407877342,0.32062303237436784,0.907935621611442,0.07905973444325774,0.9108257485188243,0.07209654556364255,225.59511599511598,330.7991368183257,0.24877142100240826
3W,FINAL_QDIFFCL,TRACK_A_FROZEN_PAPER_FINAL_REFERENCE,split,31001,3,0.3899122204647562,0.15157230081130207,0.8402451524984297,0.03337328925823406,0.34646215599745106,0.24573075727338178,0.9455860654262785,0.06397883165285001,0.9464574820753989,0.060393091813466214,419.47619047619054,218.77680982454882,
3W,FINAL_QDIFFCL,TRACK_A_FROZEN_PAPER_FINAL_REFERENCE,split,31002,3,0.20415835900593102,0.07664472427285816,0.6599672291114822,0.004747705569059723,0.9007283313312339,0.0958066137920809,0.8466202629543697,0.1031746585426467,0.8301298523315174,0.11426733947959894,3092.522222222222,2711.152745877938,
3W,FINAL_QDIFFCL,TRACK_A_FROZEN_PAPER_FINAL_REFERENCE,split,31003,3,0.31930070624843837,0.05622539682585799,0.8654141233778133,0.014383480860238801,0.8465929595485712,0.05923737990266437,0.9538864027538727,0.02926509298802684,0.9542468780975959,0.02820483533197727,75.80835830835832,8.513184802297067,
3W,FINAL_QDIFFCL,TRACK_A_FROZEN_PAPER_FINAL_REFERENCE,overall,ALL,9,0.30445709523970854,0.09376232640325201,0.7885421683292417,0.11205804531545129,0.6979278156257521,0.30557935473945114,0.9153642437115069,0.059678514288571335,0.9102780708348375,0.0695195754413072,1195.9355903355902,1651.4561858871832,0.12558438107023245
3W,FRERA,TRACK_A_FROZEN_PAPER_FINAL_REFERENCE,split,31001,3,0.4342107058869617,0.055298233007034195,0.827505995837698,0.029216258996473222,0.20915890967346187,0.1666381728355342,0.8477585441633377,0.016219888615627762,0.8626808521573768,0.011566335827990819,491.60317460317464,103.81307697428699,
3W,FRERA,TRACK_A_FROZEN_PAPER_FINAL_REFERENCE,split,31002,3,0.2210894560665365,0.07010037563505084,0.5968848758930749,0.1358035739050941,0.979297208965077,0.013741215098553135,0.8866202629543697,0.12151541356086566,0.879021482166718,0.13833215856628778,1615.8472222222224,2770.4406063578554,
3W,FRERA,TRACK_A_FROZEN_PAPER_FINAL_REFERENCE,split,31003,3,0.3242314297112778,0.038276704958161434,0.8587126414767176,0.006810361517665931,0.764355937578601,0.11588577483477691,0.839348250143431,0.1648599074428713,0.8352185687387657,0.16847441743829245,67.14999999999999,9.7840147406085,
3W,FRERA,TRACK_A_FROZEN_PAPER_FINAL_REFERENCE,overall,ALL,9,0.32651053055492535,0.10657890272819785,0.7610345044024968,0.14301149984475287,0.65093735207238,0.3973991465298074,0.8579090190870461,0.02521774979418294,0.8589736343542868,0.022135523578037032,724.8667989417991,800.2653999514162,0.14015012080565503
3W,NO_AUG,TRACK_A_FROZEN_PAPER_FINAL_REFERENCE,split,31001,3,0.3904632316033629,0.15238370151429742,0.8252387556656694,0.014164665527478467,0.3384669441913372,0.25764207318267124,0.9419392761603147,0.06945619753326475,0.9427826176342097,0.06585246387514103,469.2539682539682,259.2731044786005,
3W,NO_AUG,TRACK_A_FROZEN_PAPER_FINAL_REFERENCE,split,31002,3,0.17006263793701368,0.052867008348935374,0.65248293437898,0.015536621160757932,0.882449704013939,0.09597982252655551,0.7651044083526682,0.0808482119410607,0.7562613492308219,0.06612265800356314,2598.8747474747474,2424.045557584758,
3W,NO_AUG,TRACK_A_FROZEN_PAPER_FINAL_REFERENCE,split,31003,3,0.29487217361250095,0.05507965672395645,0.8599109520945132,0.011984956279374124,0.7224828581739445,0.2586144181464682,0.8326333907056799,0.22365828360711754,0.8309548539476118,0.22878587802302652,115.88441558441559,80.99374563827834,
3W,NO_AUG,TRACK_A_FROZEN_PAPER_FINAL_REFERENCE,overall,ALL,9,0.2851326810509592,0.11052261627665641,0.7792108807130541,0.11111039369851534,0.6477998354597402,0.2795755285380882,0.8465590250728875,0.08923611985924655,0.8433329402708812,0.09387469657725604,1061.3377104377105,1343.2172629116792,0.10913320223545936
3W,SoftCLT,TRACK_A_MECHANISM_ADAPTATION,split,31001,3,0.3152950450438063,0.11958032994218679,0.7609469678562218,0.05976049224519247,0.40897369471095146,0.3094854617706914,0.9381365386691618,0.08368527611465111,0.9458021740806414,0.07092314824715323,308.6507936507937,197.02256125821427,
3W,SoftCLT,TRACK_A_MECHANISM_ADAPTATION,split,31002,3,0.32711537685191394,0.13723622118343407,0.7413890697200798,0.1586633290619454,0.7535217110555573,0.3649500016566526,0.9969992266047951,0.003016360280834901,0.9967451262548396,0.003237878787496302,84.77777777777777,86.91588100209518,
3W,SoftCLT,TRACK_A_MECHANISM_ADAPTATION,split,31003,3,0.3548424066127602,0.06049039050008925,0.8546593605528635,0.02275962159585731,0.6576118456306114,0.2105244953579253,0.7792403901319563,0.1964791457786583,0.7752799396724669,0.2014313340590349,102.06581196581196,38.18571579897946,
3W,SoftCLT,TRACK_A_MECHANISM_ADAPTATION,overall,ALL,9,0.33241760950282684,0.020299844952109795,0.7856651327097217,0.060545688959904066,0.6067024171323734,0.1778262110158781,0.9047920518019711,0.11264376955175251,0.9059424133359827,0.1159883942985563,165.16479446479448,124.56280746404636,0.23823193696485817
3W,TF-C,TRACK_B_METHOD_NATIVE_REPRESENTATION,split,31001,3,0.48757932140545024,0.1097165921824907,0.8778460066274656,0.02003842644059532,0.3355100558027074,0.20250478443670916,0.9745684432768321,0.01448072338768659,0.9746614242027086,0.015274860698686396,301.6380952380953,282.8941625606374,
3W,TF-C,TRACK_B_METHOD_NATIVE_REPRESENTATION,split,31002,3,0.24832455695845476,0.05771720005486857,0.4406686084268732,0.26408108191101526,0.9207204672286974,0.011289423060304764,0.9982366589327146,0.001385910396572444,0.9986980505019357,0.001132196638356683,25.222222222222225,7.698003589195012,
3W,TF-C,TRACK_B_METHOD_NATIVE_REPRESENTATION,split,31003,3,0.2814388968559382,0.04481441259692996,0.8946519674593759,0.0005708756056618912,0.8633028225233205,0.08621728382891215,0.9739804934021802,0.015786353186411865,0.9732747131833682,0.016119789837077306,222.82222222222222,122.22218989898562,
3W,TF-C,TRACK_B_METHOD_NATIVE_REPRESENTATION,overall,ALL,9,0.3391142584066144,0.1296362066521068,0.7377221941712383,0.25739315197292945,0.7065111151849085,0.3225764033960246,0.9822618652039089,0.013837700216155576,0.9822113959626709,0.01429468696004173,183.22751322751324,142.39817221110522,0.181791535646276
3W,TS2Vec,TRACK_B_METHOD_NATIVE_REPRESENTATION,split,31001,3,0.24140216406451767,0.10656991571441156,0.3519866544068346,0.2508353545748527,0.5087783554578859,0.08189730831750908,0.622269406557023,0.37383114159809383,0.6301621566057616,0.3891542816059947,858.9333333333333,849.1675832981786,
3W,TS2Vec,TRACK_B_METHOD_NATIVE_REPRESENTATION,split,31002,3,0.18884588693911772,0.0979508583989873,0.33554111777655055,0.2848560234921687,0.8696543041531841,0.07319182563149249,0.7952668213457077,0.062095311010628075,0.7922020077431733,0.06939781439813103,3173.047474747475,2084.177709539993,
3W,TS2Vec,TRACK_B_METHOD_NATIVE_REPRESENTATION,split,31003,3,0.2613784420823347,0.05460699576397827,0.7265321898755621,0.06715459159407619,0.8129654538893081,0.16439601060455258,0.8954033275960986,0.06817933553784357,0.9016310250463602,0.06921846431960713,254.48095238095235,201.66222421598195,
3W,TS2Vec,TRACK_B_METHOD_NATIVE_REPRESENTATION,overall,ALL,9,0.23054216436199004,0.037465952330818016,0.4713533206863157,0.2211443089461978,0.7304660378334593,0.19406822981583025,0.770979851832943,0.13817715937024638,0.774665063131765,0.13658145903757382,1428.8205868205869,1540.4824723556865,0.07711869006239165
3W,UNIFORM_DIFFUSION,TRACK_A_FROZEN_PAPER_FINAL_REFERENCE,split,31001,3,0.4092726782805916,0.18419466630813014,0.8439512258619947,0.040457664279538084,0.3394406627241488,0.25639559521024424,0.9434747663775626,0.06701534143613644,0.9442602729165062,0.06353190634954653,441.31746031746025,234.51489629343868,
3W,UNIFORM_DIFFUSION,TRACK_A_FROZEN_PAPER_FINAL_REFERENCE,split,31002,3,0.1811719450823728,0.0848036777682495,0.6565956794295597,0.002755640185099685,0.9463401260420837,0.032149290443496556,0.8389791183294664,0.1117484252811068,0.8216671805941002,0.12376290290923278,3422.0851851851853,2951.7792122829655,
3W,UNIFORM_DIFFUSION,TRACK_A_FROZEN_PAPER_FINAL_REFERENCE,split,31003,3,0.31481423235513545,0.05360791462754624,0.8689951267021084,0.010839720975016651,0.81735069934276,0.0693544187263292,0.9547217441193344,0.023516525737817505,0.9550104577209283,0.02279821216659089,99.86996336996337,55.338595134862445,
3W,UNIFORM_DIFFUSION,TRACK_A_FROZEN_PAPER_FINAL_REFERENCE,overall,ALL,9,0.3017529519060333,0.11460992062914459,0.7898473439978876,0.11607671525760452,0.7010438293696643,0.31972989482702946,0.9123918762754544,0.06382553093400913,0.906979303743845,0.0740777320493157,1321.090869624203,1827.5063430280068,0.12849488629077457
TEP,AutoTCL,TRACK_A_MECHANISM_ADAPTATION,split,32001,3,0.9160705886569369,0.012758380388462208,0.9692963979856803,0.013317965026522523,0.012794151245145076,0.015052836563883149,0.8340353833192923,0.011048759097391688,0.7604166666666666,0.032072508996543035,94.46989094357515,14.536474140460593,
TEP,AutoTCL,TRACK_A_MECHANISM_ADAPTATION,split,32002,3,0.9189373143862429,0.0038689054078906125,0.9743459157672358,0.00686513495014782,0.005234356412086604,0.001485842968926576,0.8337545633249088,0.008646337724426032,0.775,0.012500000000000011,95.31833858149646,5.056844339871999,
TEP,AutoTCL,TRACK_A_MECHANISM_ADAPTATION,split,32003,3,0.9641772286149713,0.007931818781946015,0.9944325360052396,0.002228490670560785,0.022510231923601635,0.003797929306159633,0.9489514348785871,0.016016304482264286,0.9666666666666667,0.020090939085401983,73.13333333333334,0.2309401076758536,
TEP,AutoTCL,TRACK_A_MECHANISM_ADAPTATION,overall,ALL,9,0.933061710552717,0.02698492407463139,0.9793582832527186,0.013296587136995977,0.013512913193611106,0.008660336755938719,0.8722471271742628,0.06642802744525138,0.8340277777777777,0.11509984594706041,87.64052095280165,12.570753172281067,0.9017028060391049
TEP,FINAL_QDIFFCL,TRACK_A_FROZEN_PAPER_FINAL_REFERENCE,split,32001,3,0.9378489495697857,0.031848682320255284,0.9790097991941903,0.016573394414684903,0.026730637422892393,0.01982930245577715,0.8969390620612187,0.045009234397513954,0.8395833333333332,0.07814583055629606,85.99554655870445,13.078247028152424,
TEP,FINAL_QDIFFCL,TRACK_A_FROZEN_PAPER_FINAL_REFERENCE,split,32002,3,0.9230409887436307,0.014296017187173904,0.9746389455031216,0.010489575669724497,0.019034023316678562,0.005357283011752416,0.8579050828418983,0.024450698737478512,0.80625,0.016535945694153675,93.35897435897436,8.194865376590025,
TEP,FINAL_QDIFFCL,TRACK_A_FROZEN_PAPER_FINAL_REFERENCE,split,32003,3,0.9763502666829268,0.007831420779600138,0.9971653223293938,0.0016072704758536616,0.022737608003638016,0.006447224592431936,0.9757174392935982,0.009522866405484222,0.9874999999999999,0.01082531754730551,73.0,0.4000000000000057,
TEP,FINAL_QDIFFCL,TRACK_A_FROZEN_PAPER_FINAL_REFERENCE,overall,ALL,9,0.9457467349987811,0.027518194701217562,0.983604689008902,0.011945466610258847,0.022834089581069656,0.003849214036148185,0.9101871947322384,0.06001310354936918,0.8777777777777778,0.09647280608966866,84.11817363922627,10.308508914796379,0.901168684507708
TEP,FRERA,TRACK_A_FROZEN_PAPER_FINAL_REFERENCE,split,32001,3,0.9609136566547921,0.003538275850469638,0.9919223656583794,0.001653649647361481,0.01028101439342015,0.005440201462093058,0.9269868014602639,0.010962775229398002,0.8958333333333334,0.028182810955143103,81.34358974358975,1.1352431987532834,
TEP,FRERA,TRACK_A_FROZEN_PAPER_FINAL_REFERENCE,split,32002,3,0.9263138058566186,0.015160972168456783,0.9807449513992532,0.011935755414516266,0.009517011658339283,0.008455558241216682,0.8539736029205279,0.022767211523402702,0.7833333333333333,0.03442231592053813,102.51646423751686,8.033495380664935,
TEP,FRERA,TRACK_A_FROZEN_PAPER_FINAL_REFERENCE,split,32003,3,0.963899106540957,0.010966494315308023,0.9945184905116159,0.0025296968750605302,0.033879035925420645,0.015589776913526102,0.9619205298013244,0.012851137993592759,0.9562499999999999,0.022534695471649914,75.39999999999999,1.4422205101855945,
TEP,FRERA,TRACK_A_FROZEN_PAPER_FINAL_REFERENCE,overall,ALL,9,0.9503755230174559,0.020891455246147883,0.9890619358564162,0.007318752551419931,0.017892353992393358,0.013850141676735242,0.9142936447273721,0.055081502581504814,0.8784722222222222,0.0877559088440034,86.42001799370219,14.253183890627302,0.909875366568915
TEP,NO_AUG,TRACK_A_FROZEN_PAPER_FINAL_REFERENCE,split,32001,3,0.9370499670597338,0.02985344339939872,0.9790101214986365,0.01606942749148183,0.02490290153072881,0.02101772105479904,0.8930075821398483,0.04018278017763041,0.8375,0.07603453162872774,85.71754385964913,13.423343801679891,
TEP,NO_AUG,TRACK_A_FROZEN_PAPER_FINAL_REFERENCE,split,32002,3,0.9224084864063583,0.015301218131468156,0.9747426565604527,0.010560006882735215,0.015227218653342851,0.00647663934752139,0.8522886829542263,0.026134370616798564,0.7958333333333334,0.014433756729740658,97.05128205128206,10.305523435553203,
TEP,NO_AUG,TRACK_A_FROZEN_PAPER_FINAL_REFERENCE,split,32003,3,0.9755881465806312,0.009901796956978043,0.997028154811035,0.001809235939350167,0.021145975443383355,0.01212577683126274,0.9721302428256071,0.008291931126554467,0.9791666666666666,0.0036084391824351483,73.13333333333334,0.2309401076758536,
TEP,NO_AUG,TRACK_A_FROZEN_PAPER_FINAL_REFERENCE,overall,ALL,9,0.9450155333489078,0.027470106457624176,0.9835936442900414,0.011828667251794394,0.020425365209151673,0.004877926723331803,0.9058088359732274,0.060937705428424076,0.8708333333333332,0.09610468828892325,85.30071974808817,11.964421192585544,0.9027129238122751
TEP,SoftCLT,TRACK_A_MECHANISM_ADAPTATION,split,32001,3,0.7578759685042166,0.009594868742704337,0.8515262361551229,0.011888158715885923,0.17569111263422435,0.047616049916135175,0.6882898062342039,0.0416059249363631,0.5583333333333333,0.05315562842572114,140.11880341880342,13.994993077932184,
TEP,SoftCLT,TRACK_A_MECHANISM_ADAPTATION,split,32002,3,0.7575980106506487,0.009778321819262715,0.8482695560912724,0.0057532347234485175,0.045919581251487034,0.008515598462133374,0.5613591687728166,0.02508117176234382,0.5187499999999999,0.012500000000000011,139.59259259259258,12.521750623739774,
TEP,SoftCLT,TRACK_A_MECHANISM_ADAPTATION,split,32003,3,0.733449341152388,0.0024435685508832432,0.8229592455843715,0.0028996464189000107,0.0504774897680764,0.03208178994899004,0.5198675496688742,0.032706533551553674,0.4895833333333333,0.019094065395649326,150.95151515151517,14.275746962295774,
TEP,SoftCLT,TRACK_A_MECHANISM_ADAPTATION,overall,ALL,9,0.7496411067690844,0.0140231690598671,0.840918345943589,0.015638045131790075,0.09069606121792927,0.07364314432759769,0.5898388415586315,0.08774869200238687,0.5222222222222223,0.03450627291334681,143.5543037209704,6.411573689005071,0.7316044397240928
TEP,TF-C,TRACK_B_METHOD_NATIVE_REPRESENTATION,split,32001,3,0.8237540906961267,0.00044557074165262376,0.8992390499060378,0.004429377906611818,0.07585103952478867,0.003381002647235261,0.7144060657118786,0.004457879209881367,0.64375,0.01874999999999999,101.30526315789473,11.648269758451294,
TEP,TF-C,TRACK_B_METHOD_NATIVE_REPRESENTATION,split,32002,3,0.7978426382747325,0.0041001007119966255,0.8894629283407154,0.005710695093412678,0.08018082322150845,0.02761983699439724,0.6700365065992698,0.022326514136816585,0.6437499999999999,0.022534695471649914,106.63247863247864,3.20821629011983,
TEP,TF-C,TRACK_B_METHOD_NATIVE_REPRESENTATION,split,32003,3,0.7876702275735905,0.010225619701351194,0.8787897945580075,0.005689145309437811,0.15870850386539334,0.05638330808036836,0.7312362030905076,0.04065853485900031,0.7083333333333334,0.07938566201357358,95.53333333333335,13.82365123016829,
TEP,TF-C,TRACK_B_METHOD_NATIVE_REPRESENTATION,overall,ALL,9,0.8030889855148166,0.01860522544835551,0.8891639242682535,0.010227906122405855,0.10491345553723015,0.04663815149839405,0.7052262584672188,0.031615697974925985,0.6652777777777779,0.03728720488516336,101.15702504123557,5.551057331473685,0.775884142362783
TEP,TS2Vec,TRACK_B_METHOD_NATIVE_REPRESENTATION,split,32001,3,0.7805301087802179,0.010619881820643193,0.8716318126929495,0.0028599878531211033,0.16312542837559973,0.05588855416558242,0.721145745577085,0.03950589414555471,0.5395833333333334,0.07189764136140585,128.62658569500675,7.571073156271702,
TEP,TS2Vec,TRACK_B_METHOD_NATIVE_REPRESENTATION,split,32002,3,0.7701717267933873,0.007152214486392637,0.8616955284757132,0.003750504135592048,0.15227218653342847,0.028926275519481202,0.6891322662173547,0.030128988613728175,0.6375,0.04375000000000001,112.98245614035089,7.256313199950163,
TEP,TS2Vec,TRACK_B_METHOD_NATIVE_REPRESENTATION,split,32003,3,0.758212275484945,0.0066363761481007975,0.8503561312641607,0.011003138480189755,0.14256480218281037,0.010322473363179782,0.6542494481236204,0.023781966254321434,0.5541666666666667,0.0252590742770461,124.33333333333333,6.159826154296122,
TEP,TS2Vec,TRACK_B_METHOD_NATIVE_REPRESENTATION,overall,ALL,9,0.7696380370195167,0.011168484200192464,0.8612278241442745,0.010645549096738175,0.15265413903061284,0.01028563333696487,0.6881758199726867,0.033458403209206025,0.5770833333333334,0.0528280097212748,121.98079172289698,8.083040047057793,0.7535368150491372
TEP,UNIFORM_DIFFUSION,TRACK_A_FROZEN_PAPER_FINAL_REFERENCE,split,32001,3,0.9319658228116037,0.026814697183219997,0.9765034227418156,0.014425830252435252,0.03198537811286269,0.017478844369143397,0.890480202190396,0.03774183114507519,0.8250000000000001,0.06614378277661476,89.45964912280702,9.796381735425921,
TEP,UNIFORM_DIFFUSION,TRACK_A_FROZEN_PAPER_FINAL_REFERENCE,split,32002,3,0.9230227569362013,0.014405557352459745,0.9745786906040879,0.01038216165625955,0.018320247442303116,0.005357283011752415,0.8570626228587476,0.024882299601267643,0.80625,0.016535945694153675,93.35897435897436,8.194865376590025,
TEP,UNIFORM_DIFFUSION,TRACK_A_FROZEN_PAPER_FINAL_REFERENCE,split,32003,3,0.9752076196043138,0.006050194122787024,0.9971692650062511,0.0014763897598215638,0.021145975443383355,0.008946028000412005,0.9713024282560707,0.0037328226430653143,0.9854166666666666,0.007216878364870361,73.13333333333334,0.2309401076758536,
TEP,UNIFORM_DIFFUSION,TRACK_A_FROZEN_PAPER_FINAL_REFERENCE,overall,ALL,9,0.9433987331173729,0.027907858238626338,0.9827504594507182,0.012524081351009396,0.02381720033284972,0.007213565752694396,0.906281751101738,0.05873627495255992,0.8722222222222222,0.09847653179725006,85.31731893837157,10.730252245040052,0.9023595586739215
