row_type,dataset,comparison,metric,seed,delta,directional_benefit,mean_delta,std_delta,positive_seed_count,nonworse_seed_count,loso_mean_min,loso_mean_max,loso_mean_range
seed,3W,FINAL_QDIFFCL-UNIFORM,macro_f1,42,0.028144012566211407,0.028144012566211407,,,,,,,
seed,3W,FINAL_QDIFFCL-UNIFORM,macro_f1,43,0.02681730674598215,0.02681730674598215,,,,,,,
seed,3W,FINAL_QDIFFCL-UNIFORM,macro_f1,44,0.13891367965760676,0.13891367965760676,,,,,,,
seed,3W,FINAL_QDIFFCL-UNIFORM,macro_f1,45,0.0017603249717006442,0.0017603249717006442,,,,,,,
seed,3W,FINAL_QDIFFCL-UNIFORM,macro_f1,46,0.0850818426152169,0.0850818426152169,,,,,,,
summary,3W,FINAL_QDIFFCL-UNIFORM,macro_f1,,,,0.05614343331134357,0.055429813609941606,5,5,0.035450871724777774,0.0697392103962543,0.03428833867147653
seed,3W,FINAL_QDIFFCL-UNIFORM,recall_macro,42,0.027863503877367468,0.027863503877367468,,,,,,,
seed,3W,FINAL_QDIFFCL-UNIFORM,recall_macro,43,0.10155849426549846,0.10155849426549846,,,,,,,
seed,3W,FINAL_QDIFFCL-UNIFORM,recall_macro,44,0.1675541547928875,0.1675541547928875,,,,,,,
seed,3W,FINAL_QDIFFCL-UNIFORM,recall_macro,45,0.009575532484172866,0.009575532484172866,,,,,,,
seed,3W,FINAL_QDIFFCL-UNIFORM,recall_macro,46,0.16866938040937646,0.16866938040937646,,,,,,,
summary,3W,FINAL_QDIFFCL-UNIFORM,recall_macro,,,,0.09504421316586055,0.07506486498790389,5,5,0.07663792135498157,0.11641138333628247,0.0397734619813009
seed,3W,FINAL_QDIFFCL-UNIFORM,auprc_fault_vs_normal,42,0.0008813094027023682,0.0008813094027023682,,,,,,,
seed,3W,FINAL_QDIFFCL-UNIFORM,auprc_fault_vs_normal,43,0.0008970469499892664,0.0008970469499892664,,,,,,,
seed,3W,FINAL_QDIFFCL-UNIFORM,auprc_fault_vs_normal,44,0.35212681375535093,0.35212681375535093,,,,,,,
seed,3W,FINAL_QDIFFCL-UNIFORM,auprc_fault_vs_normal,45,0.0003272386246886416,0.0003272386246886416,,,,,,,
seed,3W,FINAL_QDIFFCL-UNIFORM,auprc_fault_vs_normal,46,-0.004830936594417468,-0.004830936594417468,,,,,,,
summary,3W,FINAL_QDIFFCL-UNIFORM,auprc_fault_vs_normal,,,,0.06988029442766275,0.15779895567778798,4,4,-0.0006813354042592978,0.0885581021831828,0.0892394375874421
seed,3W,FINAL_QDIFFCL-UNIFORM,auprc_multiclass_macro,42,0.006456398935480556,0.006456398935480556,,,,,,,
seed,3W,FINAL_QDIFFCL-UNIFORM,auprc_multiclass_macro,43,-0.006255977420076109,-0.006255977420076109,,,,,,,
seed,3W,FINAL_QDIFFCL-UNIFORM,auprc_multiclass_macro,44,0.18443802301226114,0.18443802301226114,,,,,,,
seed,3W,FINAL_QDIFFCL-UNIFORM,auprc_multiclass_macro,45,-0.007328658007166422,-0.007328658007166422,,,,,,,
seed,3W,FINAL_QDIFFCL-UNIFORM,auprc_multiclass_macro,46,0.009031516221210567,0.009031516221210567,,,,,,,
summary,3W,FINAL_QDIFFCL-UNIFORM,auprc_multiclass_macro,,,,0.037268260548341946,0.08259671295716077,3,3,0.00047581993236214815,0.04841749018721904,0.04794167025485689
seed,3W,FINAL_QDIFFCL-UNIFORM,far,42,-0.11109196788532444,0.11109196788532444,,,,,,,
seed,3W,FINAL_QDIFFCL-UNIFORM,far,43,0.02174287584852347,-0.02174287584852347,,,,,,,
seed,3W,FINAL_QDIFFCL-UNIFORM,far,44,-0.13031942386547674,0.13031942386547674,,,,,,,
seed,3W,FINAL_QDIFFCL-UNIFORM,far,45,0.01336962888942489,-0.01336962888942489,,,,,,,
seed,3W,FINAL_QDIFFCL-UNIFORM,far,46,0.018917335722407835,-0.018917335722407835,,,,,,,
summary,3W,FINAL_QDIFFCL-UNIFORM,far,,,,-0.03747631025808899,0.07634064060200921,2,2,-0.05228110678474211,-0.014265531856242061,0.03801557492850005
seed,3W,FINAL_QDIFFCL-UNIFORM,early_recall,42,-0.007398863444550652,-0.007398863444550652,,,,,,,
seed,3W,FINAL_QDIFFCL-UNIFORM,early_recall,43,0.023406290440555866,0.023406290440555866,,,,,,,
seed,3W,FINAL_QDIFFCL-UNIFORM,early_recall,44,0.0982670342654588,0.0982670342654588,,,,,,,
seed,3W,FINAL_QDIFFCL-UNIFORM,early_recall,45,0.002756990941315429,0.002756990941315429,,,,,,,
seed,3W,FINAL_QDIFFCL-UNIFORM,early_recall,46,0.03395600067518145,0.03395600067518145,,,,,,,
summary,3W,FINAL_QDIFFCL-UNIFORM,early_recall,,,,0.03019749057559218,0.04141309102015975,4,4,0.013180104653125524,0.039596579080627886,0.026416474427502362
seed,3W,FINAL_QDIFFCL-UNIFORM,mean_detection_delay_seconds,42,-27.636363636363626,27.636363636363626,,,,,,,
seed,3W,FINAL_QDIFFCL-UNIFORM,mean_detection_delay_seconds,43,30.47619047619048,-30.47619047619048,,,,,,,
seed,3W,FINAL_QDIFFCL-UNIFORM,mean_detection_delay_seconds,44,-20.83712121212119,20.83712121212119,,,,,,,
seed,3W,FINAL_QDIFFCL-UNIFORM,mean_detection_delay_seconds,45,-6.95652173913043,6.95652173913043,,,,,,,
seed,3W,FINAL_QDIFFCL-UNIFORM,mean_detection_delay_seconds,46,13.714285714285715,-13.714285714285715,,,,,,,
summary,3W,FINAL_QDIFFCL-UNIFORM,mean_detection_delay_seconds,,,,-2.2479060794278096,24.176237403912797,3,3,-10.428930218332383,4.099208309806144,14.528138528138527
seed,3W,FINAL_QDIFFCL-UNIFORM,class_2_recall,42,0.0,0.0,,,,,,,
seed,3W,FINAL_QDIFFCL-UNIFORM,class_2_recall,43,0.041648205582631825,0.041648205582631825,,,,,,,
seed,3W,FINAL_QDIFFCL-UNIFORM,class_2_recall,44,0.002215330084182565,0.002215330084182565,,,,,,,
seed,3W,FINAL_QDIFFCL-UNIFORM,class_2_recall,45,0.023039432875498422,0.023039432875498422,,,,,,,
seed,3W,FINAL_QDIFFCL-UNIFORM,class_2_recall,46,0.20824102791315907,0.20824102791315907,,,,,,,
summary,3W,FINAL_QDIFFCL-UNIFORM,class_2_recall,,,,0.055028799291094374,0.0873123389505902,4,5,0.016725742135578203,0.06878599911386797,0.05206025697828977
seed,3W,FINAL_QDIFFCL-UNIFORM,class_8_recall,42,0.000821817739088071,0.000821817739088071,,,,,,,
seed,3W,FINAL_QDIFFCL-UNIFORM,class_8_recall,43,0.00012175077616127794,0.00012175077616127794,,,,,,,
seed,3W,FINAL_QDIFFCL-UNIFORM,class_8_recall,44,0.5376818652218909,0.5376818652218909,,,,,,,
seed,3W,FINAL_QDIFFCL-UNIFORM,class_8_recall,45,-0.013666524624094567,-0.013666524624094567,,,,,,,
seed,3W,FINAL_QDIFFCL-UNIFORM,class_8_recall,46,0.005813599561697247,0.005813599561697247,,,,,,,
summary,3W,FINAL_QDIFFCL-UNIFORM,class_8_recall,,,,0.10615450173494859,0.24133957354644936,4,4,-0.0017273391367869928,0.13610975832470937,0.13783709746149636
seed,3W,FINAL_QDIFFCL-UNIFORM,class_9_recall,42,-0.0004597701149425294,-0.0004597701149425294,,,,,,,
seed,3W,FINAL_QDIFFCL-UNIFORM,class_9_recall,43,0.3862068965517242,0.3862068965517242,,,,,,,
seed,3W,FINAL_QDIFFCL-UNIFORM,class_9_recall,44,0.0,0.0,,,,,,,
seed,3W,FINAL_QDIFFCL-UNIFORM,class_9_recall,45,0.04229885057471261,0.04229885057471261,,,,,,,
seed,3W,FINAL_QDIFFCL-UNIFORM,class_9_recall,46,0.4795402298850574,0.4795402298850574,,,,,,,
summary,3W,FINAL_QDIFFCL-UNIFORM,class_9_recall,,,,0.18151724137931033,0.23246583543665847,3,4,0.10701149425287357,0.22701149425287354,0.11999999999999997
seed,3W,FINAL_QDIFFCL-UNIFORM,class_2_f1,42,-0.0017362839088091442,-0.0017362839088091442,,,,,,,
seed,3W,FINAL_QDIFFCL-UNIFORM,class_2_f1,43,0.02756248311203402,0.02756248311203402,,,,,,,
seed,3W,FINAL_QDIFFCL-UNIFORM,class_2_f1,44,-0.03334288361197424,-0.03334288361197424,,,,,,,
seed,3W,FINAL_QDIFFCL-UNIFORM,class_2_f1,45,0.02555915377863871,0.02555915377863871,,,,,,,
seed,3W,FINAL_QDIFFCL-UNIFORM,class_2_f1,46,0.21063463604337535,0.21063463604337535,,,,,,,
summary,3W,FINAL_QDIFFCL-UNIFORM,class_2_f1,,,,0.04573542108265294,0.09544112004220486,3,3,0.004510617342472337,0.06550499725630973,0.060994379913837396
seed,3W,FINAL_QDIFFCL-UNIFORM,class_8_f1,42,0.035214582754578894,0.035214582754578894,,,,,,,
seed,3W,FINAL_QDIFFCL-UNIFORM,class_8_f1,43,0.0026341335751908224,0.0026341335751908224,,,,,,,
seed,3W,FINAL_QDIFFCL-UNIFORM,class_8_f1,44,0.4617560936111231,0.4617560936111231,,,,,,,
seed,3W,FINAL_QDIFFCL-UNIFORM,class_8_f1,45,-0.008524382483508175,-0.008524382483508175,,,,,,,
seed,3W,FINAL_QDIFFCL-UNIFORM,class_8_f1,46,-0.013393523011137498,-0.013393523011137498,,,,,,,
summary,3W,FINAL_QDIFFCL-UNIFORM,class_8_f1,,,,0.09553738088924943,0.20559717368239933,3,3,0.003982702708781011,0.12277010686434615,0.11878740415556514
seed,3W,FINAL_QDIFFCL-UNIFORM,class_9_f1,42,0.0007568136377985903,0.0007568136377985903,,,,,,,
seed,3W,FINAL_QDIFFCL-UNIFORM,class_9_f1,43,0.08398887060093417,0.08398887060093417,,,,,,,
seed,3W,FINAL_QDIFFCL-UNIFORM,class_9_f1,44,0.0009773465980128788,0.0009773465980128788,,,,,,,
seed,3W,FINAL_QDIFFCL-UNIFORM,class_9_f1,45,-0.0007694398302949268,-0.0007694398302949268,,,,,,,
seed,3W,FINAL_QDIFFCL-UNIFORM,class_9_f1,46,0.1436852462412022,0.1436852462412022,,,,,,,
summary,3W,FINAL_QDIFFCL-UNIFORM,class_9_f1,,,,0.04572776744953058,0.06566307334326327,4,4,0.021238397751612677,0.057352069269486966,0.036113671517874285
seed,3W,FINAL_QDIFFCL-CURRENT_R1,macro_f1,42,0.003669023461990162,0.003669023461990162,,,,,,,
seed,3W,FINAL_QDIFFCL-CURRENT_R1,macro_f1,43,-0.006984456523039917,-0.006984456523039917,,,,,,,
seed,3W,FINAL_QDIFFCL-CURRENT_R1,macro_f1,44,0.0994635215690381,0.0994635215690381,,,,,,,
seed,3W,FINAL_QDIFFCL-CURRENT_R1,macro_f1,45,0.0025178828451427604,0.0025178828451427604,,,,,,,
seed,3W,FINAL_QDIFFCL-CURRENT_R1,macro_f1,46,0.04908250227445543,0.04908250227445543,,,,,,,
summary,3W,FINAL_QDIFFCL-CURRENT_R1,macro_f1,,,,0.029549694725517307,0.04473462294657471,4,4,0.012071238014637109,0.03868323253765661,0.026611994523019503
seed,3W,FINAL_QDIFFCL-CURRENT_R1,recall_macro,42,0.0037921423371287677,0.0037921423371287677,,,,,,,
seed,3W,FINAL_QDIFFCL-CURRENT_R1,recall_macro,43,-0.016574908827901913,-0.016574908827901913,,,,,,,
seed,3W,FINAL_QDIFFCL-CURRENT_R1,recall_macro,44,0.11474560315728932,0.11474560315728932,,,,,,,
seed,3W,FINAL_QDIFFCL-CURRENT_R1,recall_macro,45,0.012220295158125727,0.012220295158125727,,,,,,,
seed,3W,FINAL_QDIFFCL-CURRENT_R1,recall_macro,46,0.14077978221180537,0.14077978221180537,,,,,,,
summary,3W,FINAL_QDIFFCL-CURRENT_R1,recall_macro,,,,0.05099258280728945,0.07145405267836831,4,4,0.028545782956160476,0.0678844557160873,0.03933867275992682
seed,3W,FINAL_QDIFFCL-CURRENT_R1,auprc_fault_vs_normal,42,-0.003917919902928002,-0.003917919902928002,,,,,,,
seed,3W,FINAL_QDIFFCL-CURRENT_R1,auprc_fault_vs_normal,43,-0.006140550233527109,-0.006140550233527109,,,,,,,
seed,3W,FINAL_QDIFFCL-CURRENT_R1,auprc_fault_vs_normal,44,0.4218538003837236,0.4218538003837236,,,,,,,
seed,3W,FINAL_QDIFFCL-CURRENT_R1,auprc_fault_vs_normal,45,0.0004372121609976798,0.0004372121609976798,,,,,,,
seed,3W,FINAL_QDIFFCL-CURRENT_R1,auprc_fault_vs_normal,46,-0.025199179366659052,-0.025199179366659052,,,,,,,
summary,3W,FINAL_QDIFFCL-CURRENT_R1,auprc_fault_vs_normal,,,,0.07740667260832143,0.1928016534715757,2,2,-0.008705109335529121,0.10305813560206654,0.11176324493759567
seed,3W,FINAL_QDIFFCL-CURRENT_R1,auprc_multiclass_macro,42,-0.0013919726223394768,-0.0013919726223394768,,,,,,,
seed,3W,FINAL_QDIFFCL-CURRENT_R1,auprc_multiclass_macro,43,-0.0049428131131813435,-0.0049428131131813435,,,,,,,
seed,3W,FINAL_QDIFFCL-CURRENT_R1,auprc_multiclass_macro,44,0.1423439368310372,0.1423439368310372,,,,,,,
seed,3W,FINAL_QDIFFCL-CURRENT_R1,auprc_multiclass_macro,45,-0.007766453373833859,-0.007766453373833859,,,,,,,
seed,3W,FINAL_QDIFFCL-CURRENT_R1,auprc_multiclass_macro,46,0.0744562863737882,0.0744562863737882,,,,,,,
summary,3W,FINAL_QDIFFCL-CURRENT_R1,auprc_multiclass_macro,,,,0.04053979681909414,0.06647338958133511,2,2,0.015088761816108381,0.05261635936732614,0.03752759755121776
seed,3W,FINAL_QDIFFCL-CURRENT_R1,far,42,-0.01681540953102928,0.01681540953102928,,,,,,,
seed,3W,FINAL_QDIFFCL-CURRENT_R1,far,43,-0.0023775886427069848,0.0023775886427069848,,,,,,,
seed,3W,FINAL_QDIFFCL-CURRENT_R1,far,44,-0.06988043141173633,0.06988043141173633,,,,,,,
seed,3W,FINAL_QDIFFCL-CURRENT_R1,far,45,0.01230143689052754,-0.01230143689052754,,,,,,,
seed,3W,FINAL_QDIFFCL-CURRENT_R1,far,46,0.1813514351676372,-0.1813514351676372,,,,,,,
summary,3W,FINAL_QDIFFCL-CURRENT_R1,far,,,,0.020915888494538425,0.0948999236684283,3,3,-0.019192998173736264,0.043614968471107116,0.06280796664484338
seed,3W,FINAL_QDIFFCL-CURRENT_R1,early_recall,42,-0.002222472289427735,-0.002222472289427735,,,,,,,
seed,3W,FINAL_QDIFFCL-CURRENT_R1,early_recall,43,-0.0042761492151015545,-0.0042761492151015545,,,,,,,
seed,3W,FINAL_QDIFFCL-CURRENT_R1,early_recall,44,0.13804647499015354,0.13804647499015354,,,,,,,
seed,3W,FINAL_QDIFFCL-CURRENT_R1,early_recall,45,0.002222472289427735,0.002222472289427735,,,,,,,
seed,3W,FINAL_QDIFFCL-CURRENT_R1,early_recall,46,0.08560738198390816,0.08560738198390816,,,,,,,
summary,3W,FINAL_QDIFFCL-CURRENT_R1,early_recall,,,,0.04387554155179203,0.0647848392629307,3,3,0.02033280819220165,0.055913464243515426,0.035580656051313775
seed,3W,FINAL_QDIFFCL-CURRENT_R1,mean_detection_delay_seconds,42,21.81818181818187,-21.81818181818187,,,,,,,
seed,3W,FINAL_QDIFFCL-CURRENT_R1,mean_detection_delay_seconds,43,15.23809523809524,-15.23809523809524,,,,,,,
seed,3W,FINAL_QDIFFCL-CURRENT_R1,mean_detection_delay_seconds,44,-87.50378787878785,87.50378787878785,,,,,,,
seed,3W,FINAL_QDIFFCL-CURRENT_R1,mean_detection_delay_seconds,45,-4.173913043478258,4.173913043478258,,,,,,,
seed,3W,FINAL_QDIFFCL-CURRENT_R1,mean_detection_delay_seconds,46,-58.746753246753244,58.746753246753244,,,,,,,
summary,3W,FINAL_QDIFFCL-CURRENT_R1,mean_detection_delay_seconds,,,,-22.673635422548447,48.1229657965628,3,3,-33.79658973273103,-6.466097308488598,27.33049242424243
seed,3W,FINAL_QDIFFCL-CURRENT_R1,class_2_recall,42,0.0,0.0,,,,,,,
seed,3W,FINAL_QDIFFCL-CURRENT_R1,class_2_recall,43,-0.012405848471422232,-0.012405848471422232,,,,,,,
seed,3W,FINAL_QDIFFCL-CURRENT_R1,class_2_recall,44,0.00044306601683652413,0.00044306601683652413,,,,,,,
seed,3W,FINAL_QDIFFCL-CURRENT_R1,class_2_recall,45,0.04076207354895878,0.04076207354895878,,,,,,,
seed,3W,FINAL_QDIFFCL-CURRENT_R1,class_2_recall,46,0.20735489587948608,0.20735489587948608,,,,,,,
summary,3W,FINAL_QDIFFCL-CURRENT_R1,class_2_recall,,,,0.04723083739477183,0.09173050319269146,3,4,0.007199822773593267,0.062140008861320345,0.05494018608772708
seed,3W,FINAL_QDIFFCL-CURRENT_R1,class_8_recall,42,-0.0011870700675716828,-0.0011870700675716828,,,,,,,
seed,3W,FINAL_QDIFFCL-CURRENT_R1,class_8_recall,43,-0.0006391915748462651,-0.0006391915748462651,,,,,,,
seed,3W,FINAL_QDIFFCL-CURRENT_R1,class_8_recall,44,0.38865891520058443,0.38865891520058443,,,,,,,
seed,3W,FINAL_QDIFFCL-CURRENT_R1,class_8_recall,45,-0.014062214646618387,-0.014062214646618387,,,,,,,
seed,3W,FINAL_QDIFFCL-CURRENT_R1,class_8_recall,46,-0.02794180312899497,-0.02794180312899497,,,,,,,
summary,3W,FINAL_QDIFFCL-CURRENT_R1,class_8_recall,,,,0.06896572715651063,0.17906332867022598,1,1,-0.010957569854507826,0.09319260972788702,0.10415017958239485
seed,3W,FINAL_QDIFFCL-CURRENT_R1,class_9_recall,42,-0.0004597701149425294,-0.0004597701149425294,,,,,,,
seed,3W,FINAL_QDIFFCL-CURRENT_R1,class_9_recall,43,-0.05563218390804597,-0.05563218390804597,,,,,,,
seed,3W,FINAL_QDIFFCL-CURRENT_R1,class_9_recall,44,0.0,0.0,,,,,,,
seed,3W,FINAL_QDIFFCL-CURRENT_R1,class_9_recall,45,0.03448275862068967,0.03448275862068967,,,,,,,
seed,3W,FINAL_QDIFFCL-CURRENT_R1,class_9_recall,46,0.5650574712643678,0.5650574712643678,,,,,,,
summary,3W,FINAL_QDIFFCL-CURRENT_R1,class_9_recall,,,,0.10868965517241379,0.2571511967895642,2,3,-0.005402298850574709,0.14977011494252873,0.15517241379310345
seed,3W,FINAL_QDIFFCL-CURRENT_R1,class_2_f1,42,-0.00043275472423903727,-0.00043275472423903727,,,,,,,
seed,3W,FINAL_QDIFFCL-CURRENT_R1,class_2_f1,43,-0.016404175491028683,-0.016404175491028683,,,,,,,
seed,3W,FINAL_QDIFFCL-CURRENT_R1,class_2_f1,44,-0.028183265984477235,-0.028183265984477235,,,,,,,
seed,3W,FINAL_QDIFFCL-CURRENT_R1,class_2_f1,45,0.029969651232614414,0.029969651232614414,,,,,,,
seed,3W,FINAL_QDIFFCL-CURRENT_R1,class_2_f1,46,0.21030106658525294,0.21030106658525294,,,,,,,
summary,3W,FINAL_QDIFFCL-CURRENT_R1,class_2_f1,,,,0.03905010432362448,0.09818827080564838,2,2,-0.0037626362417826353,0.05585844690064991,0.05962108314243254
seed,3W,FINAL_QDIFFCL-CURRENT_R1,class_8_f1,42,0.0050394832515960886,0.0050394832515960886,,,,,,,
seed,3W,FINAL_QDIFFCL-CURRENT_R1,class_8_f1,43,-0.00026802098305211963,-0.00026802098305211963,,,,,,,
seed,3W,FINAL_QDIFFCL-CURRENT_R1,class_8_f1,44,0.3217479582538215,0.3217479582538215,,,,,,,
seed,3W,FINAL_QDIFFCL-CURRENT_R1,class_8_f1,45,-0.007971787327971658,-0.007971787327971658,,,,,,,
seed,3W,FINAL_QDIFFCL-CURRENT_R1,class_8_f1,46,-0.08259536109249332,-0.08259536109249332,,,,,,,
summary,3W,FINAL_QDIFFCL-CURRENT_R1,class_8_f1,,,,0.0471904544203801,0.1575579774181438,2,2,-0.021448921537980253,0.07963690829859846,0.10108582983657871
seed,3W,FINAL_QDIFFCL-CURRENT_R1,class_9_f1,42,-0.0005284991549566933,-0.0005284991549566933,,,,,,,
seed,3W,FINAL_QDIFFCL-CURRENT_R1,class_9_f1,43,-0.011199280373266174,-0.011199280373266174,,,,,,,
seed,3W,FINAL_QDIFFCL-CURRENT_R1,class_9_f1,44,0.0006696652029703499,0.0006696652029703499,,,,,,,
seed,3W,FINAL_QDIFFCL-CURRENT_R1,class_9_f1,45,-0.003090434081542942,-0.003090434081542942,,,,,,,
seed,3W,FINAL_QDIFFCL-CURRENT_R1,class_9_f1,46,0.16738858843831061,0.16738858843831061,,,,,,,
summary,3W,FINAL_QDIFFCL-CURRENT_R1,class_9_f1,,,,0.030648008006303032,0.07658025201076696,2,2,-0.0035371371016988647,0.04110983010119533,0.0446469672028942
seed,TEP,FINAL_QDIFFCL-UNIFORM,macro_f1,7,0.0018456168376519422,0.0018456168376519422,,,,,,,
seed,TEP,FINAL_QDIFFCL-UNIFORM,macro_f1,42,0.002636226011528242,0.002636226011528242,,,,,,,
seed,TEP,FINAL_QDIFFCL-UNIFORM,macro_f1,43,-0.00020400101056972098,-0.00020400101056972098,,,,,,,
seed,TEP,FINAL_QDIFFCL-UNIFORM,macro_f1,44,2.1771498817879653e-05,2.1771498817879653e-05,,,,,,,
seed,TEP,FINAL_QDIFFCL-UNIFORM,macro_f1,2026,-2.728724960199269e-05,-2.728724960199269e-05,,,,,,,
summary,TEP,FINAL_QDIFFCL-UNIFORM,macro_f1,,,,0.00085446521756527,0.0012988716314173644,3,3,0.00040902501907452704,0.0011190817745990178,0.0007100567555244908
seed,TEP,FINAL_QDIFFCL-UNIFORM,auprc,7,7.399221119097632e-05,7.399221119097632e-05,,,,,,,
seed,TEP,FINAL_QDIFFCL-UNIFORM,auprc,42,0.0007432543394347846,0.0007432543394347846,,,,,,,
seed,TEP,FINAL_QDIFFCL-UNIFORM,auprc,43,-0.00010334502793962752,-0.00010334502793962752,,,,,,,
seed,TEP,FINAL_QDIFFCL-UNIFORM,auprc,44,-9.444008534975623e-05,-9.444008534975623e-05,,,,,,,
seed,TEP,FINAL_QDIFFCL-UNIFORM,auprc,2026,-1.8362872283517184e-05,-1.8362872283517184e-05,,,,,,,
summary,TEP,FINAL_QDIFFCL-UNIFORM,auprc,,,,0.000120219713010572,0.0003555187347465176,2,2,-3.5538943595481154e-05,0.00017611089824812187,0.00021164984184360303
seed,TEP,FINAL_QDIFFCL-UNIFORM,fault_recall,7,-0.004255319148936176,-0.004255319148936176,,,,,,,
seed,TEP,FINAL_QDIFFCL-UNIFORM,fault_recall,42,0.004255319148936176,0.004255319148936176,,,,,,,
seed,TEP,FINAL_QDIFFCL-UNIFORM,fault_recall,43,0.0005319148936170359,0.0005319148936170359,,,,,,,
seed,TEP,FINAL_QDIFFCL-UNIFORM,fault_recall,44,0.0005319148936170359,0.0005319148936170359,,,,,,,
seed,TEP,FINAL_QDIFFCL-UNIFORM,fault_recall,2026,-0.0005319148936170359,-0.0005319148936170359,,,,,,,
summary,TEP,FINAL_QDIFFCL-UNIFORM,fault_recall,,,,0.00010638297872340718,0.003041697543722516,3,3,-0.0009308510638297851,0.001196808510638303,0.002127659574468088
seed,TEP,FINAL_QDIFFCL-UNIFORM,far,7,-0.006640624999999997,0.006640624999999997,,,,,,,
seed,TEP,FINAL_QDIFFCL-UNIFORM,far,42,-0.0011718749999999958,0.0011718749999999958,,,,,,,
seed,TEP,FINAL_QDIFFCL-UNIFORM,far,43,0.0007812500000000007,-0.0007812500000000007,,,,,,,
seed,TEP,FINAL_QDIFFCL-UNIFORM,far,44,0.0003906250000000021,-0.0003906250000000021,,,,,,,
seed,TEP,FINAL_QDIFFCL-UNIFORM,far,2026,-0.0003906250000000021,0.0003906250000000021,,,,,,,
summary,TEP,FINAL_QDIFFCL-UNIFORM,far,,,,-0.0014062499999999984,0.0030207210826845624,3,3,-0.0019531249999999983,-9.765624999999879e-05,0.0018554687499999995
seed,TEP,FINAL_QDIFFCL-UNIFORM,early_recall,7,0.0,0.0,,,,,,,
seed,TEP,FINAL_QDIFFCL-UNIFORM,early_recall,42,0.0,0.0,,,,,,,
seed,TEP,FINAL_QDIFFCL-UNIFORM,early_recall,43,0.0,0.0,,,,,,,
seed,TEP,FINAL_QDIFFCL-UNIFORM,early_recall,44,0.0,0.0,,,,,,,
seed,TEP,FINAL_QDIFFCL-UNIFORM,early_recall,2026,0.0,0.0,,,,,,,
summary,TEP,FINAL_QDIFFCL-UNIFORM,early_recall,,,,0.0,0.0,0,5,0.0,0.0,0.0
seed,TEP,FINAL_QDIFFCL-UNIFORM,mean_detection_delay_samples,7,0.0,-0.0,,,,,,,
seed,TEP,FINAL_QDIFFCL-UNIFORM,mean_detection_delay_samples,42,0.0,-0.0,,,,,,,
seed,TEP,FINAL_QDIFFCL-UNIFORM,mean_detection_delay_samples,43,0.0,-0.0,,,,,,,
seed,TEP,FINAL_QDIFFCL-UNIFORM,mean_detection_delay_samples,44,0.0,-0.0,,,,,,,
seed,TEP,FINAL_QDIFFCL-UNIFORM,mean_detection_delay_samples,2026,0.0,-0.0,,,,,,,
summary,TEP,FINAL_QDIFFCL-UNIFORM,mean_detection_delay_samples,,,,0.0,0.0,0,5,0.0,0.0,0.0
seed,TEP,FINAL_QDIFFCL-UNIFORM,detected_rate,7,0.0,0.0,,,,,,,
seed,TEP,FINAL_QDIFFCL-UNIFORM,detected_rate,42,0.0,0.0,,,,,,,
seed,TEP,FINAL_QDIFFCL-UNIFORM,detected_rate,43,0.0,0.0,,,,,,,
seed,TEP,FINAL_QDIFFCL-UNIFORM,detected_rate,44,0.0,0.0,,,,,,,
seed,TEP,FINAL_QDIFFCL-UNIFORM,detected_rate,2026,0.0,0.0,,,,,,,
summary,TEP,FINAL_QDIFFCL-UNIFORM,detected_rate,,,,0.0,0.0,0,5,0.0,0.0,0.0
seed,TEP,FINAL_QDIFFCL-UNIFORM,missed_runs,7,0.0,-0.0,,,,,,,
seed,TEP,FINAL_QDIFFCL-UNIFORM,missed_runs,42,0.0,-0.0,,,,,,,
seed,TEP,FINAL_QDIFFCL-UNIFORM,missed_runs,43,0.0,-0.0,,,,,,,
seed,TEP,FINAL_QDIFFCL-UNIFORM,missed_runs,44,0.0,-0.0,,,,,,,
seed,TEP,FINAL_QDIFFCL-UNIFORM,missed_runs,2026,0.0,-0.0,,,,,,,
summary,TEP,FINAL_QDIFFCL-UNIFORM,missed_runs,,,,0.0,0.0,0,5,0.0,0.0,0.0
seed,TEP,FINAL_QDIFFCL-CURRENT_R1,macro_f1,7,-0.0006763977077691719,-0.0006763977077691719,,,,,,,
seed,TEP,FINAL_QDIFFCL-CURRENT_R1,macro_f1,42,-0.0005119316895652037,-0.0005119316895652037,,,,,,,
seed,TEP,FINAL_QDIFFCL-CURRENT_R1,macro_f1,43,-0.00020400101056972098,-0.00020400101056972098,,,,,,,
seed,TEP,FINAL_QDIFFCL-CURRENT_R1,macro_f1,44,-0.000998773451935997,-0.000998773451935997,,,,,,,
seed,TEP,FINAL_QDIFFCL-CURRENT_R1,macro_f1,2026,0.0,0.0,,,,,,,
summary,TEP,FINAL_QDIFFCL-CURRENT_R1,macro_f1,,,,-0.0004782207719680187,0.000392198036951248,0,1,-0.0005977759649600234,-0.00034808260197602414,0.00024969336298399925
seed,TEP,FINAL_QDIFFCL-CURRENT_R1,auprc,7,-0.00013638398165805032,-0.00013638398165805032,,,,,,,
seed,TEP,FINAL_QDIFFCL-CURRENT_R1,auprc,42,9.926202366239423e-05,9.926202366239423e-05,,,,,,,
seed,TEP,FINAL_QDIFFCL-CURRENT_R1,auprc,43,-6.0892558590874835e-05,-6.0892558590874835e-05,,,,,,,
seed,TEP,FINAL_QDIFFCL-CURRENT_R1,auprc,44,8.753040995213013e-05,8.753040995213013e-05,,,,,,,
seed,TEP,FINAL_QDIFFCL-CURRENT_R1,auprc,2026,-1.9777382612717886e-05,-1.9777382612717886e-05,,,,,,,
summary,TEP,FINAL_QDIFFCL-CURRENT_R1,auprc,,,,-6.052297849423738e-06,0.00010003875432714482,2,2,-3.238087822737823e-05,2.653062310273291e-05,5.891150133011114e-05
seed,TEP,FINAL_QDIFFCL-CURRENT_R1,fault_recall,7,0.0,0.0,,,,,,,
seed,TEP,FINAL_QDIFFCL-CURRENT_R1,fault_recall,42,-0.0015957446808511078,-0.0015957446808511078,,,,,,,
seed,TEP,FINAL_QDIFFCL-CURRENT_R1,fault_recall,43,0.0005319148936170359,0.0005319148936170359,,,,,,,
seed,TEP,FINAL_QDIFFCL-CURRENT_R1,fault_recall,44,0.0031914893617022155,0.0031914893617022155,,,,,,,
seed,TEP,FINAL_QDIFFCL-CURRENT_R1,fault_recall,2026,0.0,0.0,,,,,,,
summary,TEP,FINAL_QDIFFCL-CURRENT_R1,fault_recall,,,,0.0004255319148936287,0.0017399390674251677,2,4,-0.00026595744680851796,0.0009308510638298129,0.0011968085106383308
seed,TEP,FINAL_QDIFFCL-CURRENT_R1,far,7,0.0011718750000000028,-0.0011718750000000028,,,,,,,
seed,TEP,FINAL_QDIFFCL-CURRENT_R1,far,42,-0.0003906249999999986,0.0003906249999999986,,,,,,,
seed,TEP,FINAL_QDIFFCL-CURRENT_R1,far,43,0.0007812500000000007,-0.0007812500000000007,,,,,,,
seed,TEP,FINAL_QDIFFCL-CURRENT_R1,far,44,0.004296875000000002,-0.004296875000000002,,,,,,,
seed,TEP,FINAL_QDIFFCL-CURRENT_R1,far,2026,0.0,-0.0,,,,,,,
summary,TEP,FINAL_QDIFFCL-CURRENT_R1,far,,,,0.0011718750000000015,0.0018528970665049104,1,2,0.0003906250000000012,0.0015625000000000014,0.0011718750000000002
seed,TEP,FINAL_QDIFFCL-CURRENT_R1,early_recall,7,0.0,0.0,,,,,,,
seed,TEP,FINAL_QDIFFCL-CURRENT_R1,early_recall,42,-0.006249999999999978,-0.006249999999999978,,,,,,,
seed,TEP,FINAL_QDIFFCL-CURRENT_R1,early_recall,43,0.0,0.0,,,,,,,
seed,TEP,FINAL_QDIFFCL-CURRENT_R1,early_recall,44,0.006249999999999978,0.006249999999999978,,,,,,,
seed,TEP,FINAL_QDIFFCL-CURRENT_R1,early_recall,2026,0.0,0.0,,,,,,,
summary,TEP,FINAL_QDIFFCL-CURRENT_R1,early_recall,,,,0.0,0.004419417382415906,1,4,-0.0015624999999999944,0.0015624999999999944,0.003124999999999989
seed,TEP,FINAL_QDIFFCL-CURRENT_R1,mean_detection_delay_samples,7,0.0,-0.0,,,,,,,
seed,TEP,FINAL_QDIFFCL-CURRENT_R1,mean_detection_delay_samples,42,0.0,-0.0,,,,,,,
seed,TEP,FINAL_QDIFFCL-CURRENT_R1,mean_detection_delay_samples,43,0.0,-0.0,,,,,,,
seed,TEP,FINAL_QDIFFCL-CURRENT_R1,mean_detection_delay_samples,44,-2.352941176470594,2.352941176470594,,,,,,,
seed,TEP,FINAL_QDIFFCL-CURRENT_R1,mean_detection_delay_samples,2026,0.0,-0.0,,,,,,,
summary,TEP,FINAL_QDIFFCL-CURRENT_R1,mean_detection_delay_samples,,,,-0.4705882352941188,1.0522672835293154,1,5,-0.5882352941176485,0.0,0.5882352941176485
seed,TEP,FINAL_QDIFFCL-CURRENT_R1,detected_rate,7,0.0,0.0,,,,,,,
seed,TEP,FINAL_QDIFFCL-CURRENT_R1,detected_rate,42,0.0,0.0,,,,,,,
seed,TEP,FINAL_QDIFFCL-CURRENT_R1,detected_rate,43,0.0,0.0,,,,,,,
seed,TEP,FINAL_QDIFFCL-CURRENT_R1,detected_rate,44,0.0,0.0,,,,,,,
seed,TEP,FINAL_QDIFFCL-CURRENT_R1,detected_rate,2026,0.0,0.0,,,,,,,
summary,TEP,FINAL_QDIFFCL-CURRENT_R1,detected_rate,,,,0.0,0.0,0,5,0.0,0.0,0.0
seed,TEP,FINAL_QDIFFCL-CURRENT_R1,missed_runs,7,0.0,-0.0,,,,,,,
seed,TEP,FINAL_QDIFFCL-CURRENT_R1,missed_runs,42,0.0,-0.0,,,,,,,
seed,TEP,FINAL_QDIFFCL-CURRENT_R1,missed_runs,43,0.0,-0.0,,,,,,,
seed,TEP,FINAL_QDIFFCL-CURRENT_R1,missed_runs,44,0.0,-0.0,,,,,,,
seed,TEP,FINAL_QDIFFCL-CURRENT_R1,missed_runs,2026,0.0,-0.0,,,,,,,
summary,TEP,FINAL_QDIFFCL-CURRENT_R1,missed_runs,,,,0.0,0.0,0,5,0.0,0.0,0.0
