dataset,variant,seed,metric,value,delta_vs_full,delta_vs_uniform
3W,UNIFORM,42,macro_f1,0.4763621262109365,-0.024474989104221245,0.0
3W,UNIFORM,42,recall_macro,0.44831988281491636,-0.0240713615402387,0.0
3W,UNIFORM,42,auprc_fault_vs_normal,0.779062478394431,-0.00479922930563037,0.0
3W,UNIFORM,42,auprc_multiclass_macro,0.5165092583835524,-0.007848371557820033,0.0
3W,UNIFORM,42,far,0.4387512490954826,0.09427655835429516,0.0
3W,UNIFORM,42,early_recall,0.9019017610982951,0.005176391155122917,0.0
3W,UNIFORM,42,mean_detection_delay_seconds,965.5909090909091,49.454545454545496,0.0
3W,UNIFORM,42,class_2_recall,0.28178998670801947,0.0,0.0
3W,UNIFORM,42,class_8_recall,0.9405856212333353,-0.0020088878066597537,0.0
3W,UNIFORM,42,class_9_recall,0.009655172413793104,0.0,0.0
3W,UNIFORM,42,class_2_f1,0.42987495775599865,0.001303529184570107,0.0
3W,UNIFORM,42,class_8_f1,0.8004558935902916,-0.030175099502982805,0.0
3W,UNIFORM,42,class_9_f1,0.012923076923076923,-0.0012853127927552836,0.0
3W,UNIFORM,43,macro_f1,0.5194401388529075,-0.03380176326902207,0.0
3W,UNIFORM,43,recall_macro,0.4529650772363253,-0.11813340309340037,0.0
3W,UNIFORM,43,auprc_fault_vs_normal,0.8781029772418474,-0.007037597183516375,0.0
3W,UNIFORM,43,auprc_multiclass_macro,0.6661251483849384,0.0013131643068947652,0.0
3W,UNIFORM,43,far,0.47334688673719033,-0.024120464491230453,0.0
3W,UNIFORM,43,early_recall,0.9149271366679795,-0.02768243965565742,0.0
3W,UNIFORM,43,mean_detection_delay_seconds,322.04761904761904,-15.23809523809524,0.0
3W,UNIFORM,43,class_2_recall,0.3938856889676562,-0.05405405405405406,0.0
3W,UNIFORM,43,class_8_recall,0.8324709320021915,-0.000760942351007543,0.0
3W,UNIFORM,43,class_9_recall,0.058850574712643676,-0.44183908045977016,0.0
3W,UNIFORM,43,class_2_f1,0.561060271378984,-0.0439666586030627,0.0
3W,UNIFORM,43,class_8_f1,0.8576221758831,-0.002902154558242942,0.0
3W,UNIFORM,43,class_9_f1,0.014006675056081413,-0.09518815097420034,0.0
3W,UNIFORM,44,macro_f1,0.36668734828170885,-0.039450158088568665,0.0
3W,UNIFORM,44,recall_macro,0.3022539061824409,-0.05280855163559817,0.0
3W,UNIFORM,44,auprc_fault_vs_normal,0.538025879459154,0.06972698662837268,0.0
3W,UNIFORM,44,auprc_multiclass_macro,0.32322960286964414,-0.042094086181223955,0.0
3W,UNIFORM,44,far,0.37417731987181696,0.0604389924537404,0.0
3W,UNIFORM,44,early_recall,0.7324593484498959,0.03977944072469475,0.0
3W,UNIFORM,44,mean_detection_delay_seconds,190.79166666666666,-66.66666666666666,0.0
3W,UNIFORM,44,class_2_recall,0.27913159060700043,-0.001772264067346041,0.0
3W,UNIFORM,44,class_8_recall,0.3013027333049248,-0.1490229500213064,0.0
3W,UNIFORM,44,class_9_recall,0.002758620689655172,0.0,0.0
3W,UNIFORM,44,class_2_f1,0.427263479145473,0.005159617627497004,0.0
3W,UNIFORM,44,class_8_f1,0.4042057982850143,-0.14000813535730156,0.0
3W,UNIFORM,44,class_9_f1,0.0005114871488853843,-0.0003076813950425288,0.0
3W,W/O_D,42,macro_f1,0.4758056384983132,-0.025031476816844533,-0.0005564877126232881
3W,W/O_D,42,recall_macro,0.4486521121175031,-0.02373913223765195,0.00033222930258675065
3W,W/O_D,42,auprc_fault_vs_normal,0.7754117254494148,-0.008449982250646526,-0.0036507529450161558
3W,W/O_D,42,auprc_multiclass_macro,0.5134048469743285,-0.01095278296704394,-0.003104411409223906
3W,W/O_D,42,far,0.442231487543503,0.09775679680231558,0.003480238448020423
3W,W/O_D,42,early_recall,0.9037303775389636,0.007005007595791368,0.0018286164406684513
3W,W/O_D,42,mean_detection_delay_seconds,444.8636363636364,-471.27272727272725,-520.7272727272727
3W,W/O_D,42,class_2_recall,0.28178998670801947,0.0,0.0
3W,W/O_D,42,class_8_recall,0.9453947768917027,0.0028002678517076163,0.00480915565836737
3W,W/O_D,42,class_9_recall,0.009655172413793104,0.0,0.0
3W,W/O_D,42,class_2_f1,0.42785065590312815,-0.0007207726683003957,-0.0020243018528705026
3W,W/O_D,42,class_8_f1,0.8015587297900618,-0.029072263303212553,0.0011028361997702518
3W,W/O_D,42,class_9_f1,0.01348314606741573,-0.0007252436484164754,0.0005600691443388081
3W,W/O_D,43,macro_f1,0.5588284062108378,0.005586504088908262,0.03938826735793033
3W,W/O_D,43,recall_macro,0.4920535968116161,-0.07904488351810957,0.0390885195752908
3W,W/O_D,43,auprc_fault_vs_normal,0.8873284795837584,0.0021879051583946207,0.009225502341910996
3W,W/O_D,43,auprc_multiclass_macro,0.668747773653019,0.0039357895749753125,0.0026226252680805473
3W,W/O_D,43,far,0.46266496674821683,-0.03480238448020395,-0.010681919988973498
3W,W/O_D,43,early_recall,0.8946716930174985,-0.04793788330613846,-0.020255443650481042
3W,W/O_D,43,mean_detection_delay_seconds,291.35,-45.935714285714255,-30.697619047619014
3W,W/O_D,43,class_2_recall,0.5866194062915374,0.13867966326982717,0.19273371732388123
3W,W/O_D,43,class_8_recall,0.834145005174408,0.0009131308212090294,0.0016740731722165725
3W,W/O_D,43,class_9_recall,0.010114942528735632,-0.4905747126436782,-0.04873563218390804
3W,W/O_D,43,class_2_f1,0.7246852764094144,0.11965834642736772,0.16362500503043043
3W,W/O_D,43,class_8_f1,0.8640340506029794,0.0035097201616365314,0.0064118747198794734
3W,W/O_D,43,class_9_f1,0.002573400397707334,-0.10662142563257443,-0.01143327465837408
3W,W/O_D,44,macro_f1,0.5183542895738036,0.11221678320352607,0.15166694129209474
3W,W/O_D,44,recall_macro,0.4903277578307959,0.13526530001275683,0.188073851648355
3W,W/O_D,44,auprc_fault_vs_normal,0.8869772974409228,0.41867840461014144,0.34895141798176876
3W,W/O_D,44,auprc_multiclass_macro,0.5310247529767155,0.16570106392584738,0.20779515010707134
3W,W/O_D,44,far,0.15409531029254678,-0.15964301712552978,-0.22008200957927018
3W,W/O_D,44,early_recall,0.8307545152759804,0.13807460755077927,0.09829516682608452
3W,W/O_D,44,mean_detection_delay_seconds,784.4782608695652,527.019927536232,593.6865942028986
3W,W/O_D,44,class_2_recall,0.28178998670801947,0.0008861320336729928,0.002658396101019034
3W,W/O_D,44,class_8_recall,0.8308577342180556,0.38053205089182446,0.5295550009131309
3W,W/O_D,44,class_9_recall,0.002758620689655172,0.0,0.0
3W,W/O_D,44,class_2_f1,0.39344262295081966,-0.028661238567156355,-0.03382085619465336
3W,W/O_D,44,class_8_f1,0.8633373394901638,0.31912340584784793,0.4591315412051495
3W,W/O_D,44,class_9_f1,0.0020435967302452314,0.0012244281863173184,0.0015321095813598472
3W,W/O_E,42,macro_f1,0.46367112475665456,-0.03716599055850317,-0.012691001454281925
3W,W/O_E,42,recall_macro,0.4370294890599109,-0.03536175529524416,-0.011290393755005457
3W,W/O_E,42,auprc_fault_vs_normal,0.7523064524327798,-0.031555255267281535,-0.026756025961651164
3W,W/O_E,42,auprc_multiclass_macro,0.4917989015391969,-0.03255872840217555,-0.02471035684435552
3W,W/O_E,42,far,0.5179352882395507,0.1734605974983633,0.07918403914406813
3W,W/O_E,42,early_recall,0.9189782253980757,0.02225285545490352,0.017076464299780603
3W,W/O_E,42,mean_detection_delay_seconds,43.40909090909091,-872.7272727272727,-922.1818181818182
3W,W/O_E,42,class_2_recall,0.2800177226406735,-0.0017722640673459855,-0.0017722640673459855
3W,W/O_E,42,class_8_recall,0.9763803494247276,0.033785840384732535,0.03579472819139229
3W,W/O_E,42,class_9_recall,0.009655172413793104,0.0,0.0
3W,W/O_E,42,class_2_f1,0.43752163378331604,0.008950205211887496,0.0076466760273173895
3W,W/O_E,42,class_8_f1,0.7941769926841044,-0.03645400040917002,-0.0062789009061872125
3W,W/O_E,42,class_9_f1,0.014023372287145243,-0.00018501742868696353,0.00110029536406832
3W,W/O_E,43,macro_f1,0.542142152453874,-0.011099749668055603,0.022702013600966464
3W,W/O_E,43,recall_macro,0.5595389385071106,-0.011559541822615094,0.10657386127078528
3W,W/O_E,43,auprc_fault_vs_normal,0.8800567473847152,-0.005083827040648581,0.0019537701428677945
3W,W/O_E,43,auprc_multiclass_macro,0.6624074230717388,-0.0024045610063048173,-0.0037177253131995824
3W,W/O_E,43,far,0.4977085558733331,0.00024120464491234062,0.024361669136142794
3W,W/O_E,43,early_recall,0.9431722275361504,0.0005626512125134209,0.02824509086817084
3W,W/O_E,43,mean_detection_delay_seconds,296.14285714285717,-41.14285714285711,-25.90476190476187
3W,W/O_E,43,class_2_recall,0.3965440850686752,-0.05139565795303502,0.002658396101019034
3W,W/O_E,43,class_8_recall,0.8326535581664333,-0.0005783161867657372,0.0001826261642418059
3W,W/O_E,43,class_9_recall,0.5066666666666667,0.005977011494252893,0.44781609195402305
3W,W/O_E,43,class_2_f1,0.5621859296482412,-0.042841000333805446,0.001125658269257257
3W,W/O_E,43,class_8_f1,0.8577027387167067,-0.002821591724636252,8.056283360668992e-05
3W,W/O_E,43,class_9_f1,0.11038765902033457,0.0011928329900528084,0.09638098396425315
3W,W/O_E,44,macro_f1,0.341876279571813,-0.06426122679846452,-0.024811068709895856
3W,W/O_E,44,recall_macro,0.28640498575322826,-0.06865747206481082,-0.015848920429212654
3W,W/O_E,44,auprc_fault_vs_normal,0.5588437811364972,0.09054488830571589,0.02081790167734321
3W,W/O_E,44,auprc_multiclass_macro,0.3139230349967018,-0.05140065405416627,-0.009306567872942317
3W,W/O_E,44,far,0.3729368388408394,0.059198511422762834,-0.0012404810309775693
3W,W/O_E,44,early_recall,0.678276036684859,-0.014403871040342131,-0.05418331176503688
3W,W/O_E,44,mean_detection_delay_seconds,116.125,-141.33333333333331,-74.66666666666666
3W,W/O_E,44,class_2_recall,0.2786885245901639,-0.002215330084182565,-0.00044306601683652413
3W,W/O_E,44,class_8_recall,0.23710963657393316,-0.21321604675229802,-0.06419309673099163
3W,W/O_E,44,class_9_recall,0.002758620689655172,0.0,0.0
3W,W/O_E,44,class_2_f1,0.42672998643147897,0.004626124913502949,-0.0005334927139940548
3W,W/O_E,44,class_8_f1,0.32425907425907424,-0.2199548593832416,-0.07994672402594005
3W,W/O_E,44,class_9_f1,0.0005325758920646192,-0.00028659265186329393,2.1088743179234893e-05
3W,W/O_S,42,macro_f1,0.47767765851936217,-0.023159456795795563,0.001315532308425682
3W,W/O_S,42,recall_macro,0.4514653024332288,-0.02092594192192626,0.0031454196183124394
3W,W/O_S,42,auprc_fault_vs_normal,0.772301427369257,-0.011560280330804362,-0.006761051025173992
3W,W/O_S,42,auprc_multiclass_macro,0.5128623974899861,-0.011495232451386395,-0.0036468608935663616
3W,W/O_S,42,far,0.43944040522380345,0.09496571448261604,0.000689156128320878
3W,W/O_S,42,early_recall,0.9033365216902043,0.006611151747032085,0.0014347605919091677
3W,W/O_S,42,mean_detection_delay_seconds,967.0454545454545,50.90909090909088,1.4545454545453822
3W,W/O_S,42,class_2_recall,0.28178998670801947,0.0,0.0
3W,W/O_S,42,class_8_recall,0.953856455834906,0.011261946794910882,0.013270834601570636
3W,W/O_S,42,class_9_recall,0.009655172413793104,0.0,0.0
3W,W/O_S,42,class_2_f1,0.42655935613682094,-0.0020120724346076035,-0.0033156016191777105
3W,W/O_S,42,class_8_f1,0.807004442155411,-0.023626550937863366,0.006548548565119439
3W,W/O_S,42,class_9_f1,0.014742014742014743,0.0005336250261825364,0.00181893781893782
3W,W/O_S,43,macro_f1,0.5480405314673504,-0.005201370654579152,0.028600392614442915
3W,W/O_S,43,recall_macro,0.5511726104030864,-0.01992586992663925,0.09820753316676112
3W,W/O_S,43,auprc_fault_vs_normal,0.8806897405806422,-0.004450833844721558,0.0025867633387948175
3W,W/O_S,43,auprc_multiclass_macro,0.6591054177244117,-0.005706566353631981,-0.007019730660526746
3W,W/O_S,43,far,0.4935391612969918,-0.00392818993142896,0.020192274559801493
3W,W/O_S,43,early_recall,0.9360828222584819,-0.006526754065155016,0.021155685590502404
3W,W/O_S,43,mean_detection_delay_seconds,364.7142857142857,27.428571428571445,42.666666666666686
3W,W/O_S,43,class_2_recall,0.45414266725742136,0.006202924235711116,0.06025697828976517
3W,W/O_S,43,class_8_recall,0.8325926827783527,-0.0006391915748462651,0.00012175077616127794
3W,W/O_S,43,class_9_recall,0.4114942528735632,-0.08919540229885059,0.35264367816091957
3W,W/O_S,43,class_2_f1,0.6013493693165151,-0.0036775606655315984,0.040289097937531104
3W,W/O_S,43,class_8_f1,0.8612855995843763,0.0007612691430334273,0.0036634237012763693
3W,W/O_S,43,class_9_f1,0.09114981158977492,-0.018045014440506837,0.07714313653369351
3W,W/O_S,44,macro_f1,0.4940400090966299,0.08790250272635236,0.12735266081492103
3W,W/O_S,44,recall_macro,0.45529529273238617,0.10023283491434709,0.15304138654994526
3W,W/O_S,44,auprc_fault_vs_normal,0.8948971015862981,0.42659820875551674,0.35687122212714406
3W,W/O_S,44,auprc_multiclass_macro,0.5361059012428319,0.17078221219196377,0.21287629837318772
3W,W/O_S,44,far,0.30757038006960474,-0.006167947348471814,-0.06660693980221222
3W,W/O_S,44,early_recall,0.8559331570359534,0.16325324931075225,0.1234738085860575
3W,W/O_S,44,mean_detection_delay_seconds,2100.125,1842.6666666666667,1909.3333333333333
3W,W/O_S,44,class_2_recall,0.281346920691183,0.00044306601683652413,0.002215330084182565
3W,W/O_S,44,class_8_recall,0.8446460096183113,0.3943203262920801,0.5433432763133865
3W,W/O_S,44,class_9_recall,0.002758620689655172,0.0,0.0
3W,W/O_S,44,class_2_f1,0.4024081115335868,-0.01969574998438922,-0.024855367611886225
3W,W/O_S,44,class_8_f1,0.8406034169392949,0.296389483296979,0.43639761865428056
3W,W/O_S,44,class_9_f1,0.001410105757931845,0.0005909372140039318,0.0008986186090464606
3W,FULL_DES,42,macro_f1,0.5008371153151577,0.0,0.024474989104221245
3W,FULL_DES,42,recall_macro,0.47239124435515506,0.0,0.0240713615402387
3W,FULL_DES,42,auprc_fault_vs_normal,0.7838617077000614,0.0,0.00479922930563037
3W,FULL_DES,42,auprc_multiclass_macro,0.5243576299413725,0.0,0.007848371557820033
3W,FULL_DES,42,far,0.3444746907411874,0.0,-0.09427655835429516
3W,FULL_DES,42,early_recall,0.8967253699431722,0.0,-0.005176391155122917
3W,FULL_DES,42,mean_detection_delay_seconds,916.1363636363636,0.0,-49.454545454545496
3W,FULL_DES,42,class_2_recall,0.28178998670801947,0.0,0.0
3W,FULL_DES,42,class_8_recall,0.9425945090399951,0.0,0.0020088878066597537
3W,FULL_DES,42,class_9_recall,0.009655172413793104,0.0,0.0
3W,FULL_DES,42,class_2_f1,0.42857142857142855,0.0,-0.001303529184570107
3W,FULL_DES,42,class_8_f1,0.8306309930932744,0.0,0.030175099502982805
3W,FULL_DES,42,class_9_f1,0.014208389715832206,0.0,0.0012853127927552836
3W,FULL_DES,43,macro_f1,0.5532419021219296,0.0,0.03380176326902207
3W,FULL_DES,43,recall_macro,0.5710984803297257,0.0,0.11813340309340037
3W,FULL_DES,43,auprc_fault_vs_normal,0.8851405744253638,0.0,0.007037597183516375
3W,FULL_DES,43,auprc_multiclass_macro,0.6648119840780436,0.0,-0.0013131643068947652
3W,FULL_DES,43,far,0.4974673512284208,0.0,0.024120464491230453
3W,FULL_DES,43,early_recall,0.942609576323637,0.0,0.02768243965565742
3W,FULL_DES,43,mean_detection_delay_seconds,337.2857142857143,0.0,15.23809523809524
3W,FULL_DES,43,class_2_recall,0.44793974302171025,0.0,0.05405405405405406
3W,FULL_DES,43,class_8_recall,0.833231874353199,0.0,0.000760942351007543
3W,FULL_DES,43,class_9_recall,0.5006896551724138,0.0,0.44183908045977016
3W,FULL_DES,43,class_2_f1,0.6050269299820467,0.0,0.0439666586030627
3W,FULL_DES,43,class_8_f1,0.8605243304413429,0.0,0.002902154558242942
3W,FULL_DES,43,class_9_f1,0.10919482603028176,0.0,0.09518815097420034
3W,FULL_DES,44,macro_f1,0.4061375063702775,0.0,0.039450158088568665
3W,FULL_DES,44,recall_macro,0.3550624578180391,0.0,0.05280855163559817
3W,FULL_DES,44,auprc_fault_vs_normal,0.46829889283078135,0.0,-0.06972698662837268
3W,FULL_DES,44,auprc_multiclass_macro,0.3653236890508681,0.0,0.042094086181223955
3W,FULL_DES,44,far,0.31373832741807656,0.0,-0.0604389924537404
3W,FULL_DES,44,early_recall,0.6926799077252012,0.0,-0.03977944072469475
3W,FULL_DES,44,mean_detection_delay_seconds,257.4583333333333,0.0,66.66666666666666
3W,FULL_DES,44,class_2_recall,0.2809038546743465,0.0,0.001772264067346041
3W,FULL_DES,44,class_8_recall,0.4503256833262312,0.0,0.1490229500213064
3W,FULL_DES,44,class_9_recall,0.002758620689655172,0.0,0.0
3W,FULL_DES,44,class_2_f1,0.422103861517976,0.0,-0.005159617627497004
3W,FULL_DES,44,class_8_f1,0.5442139336423159,0.0,0.14000813535730156
3W,FULL_DES,44,class_9_f1,0.0008191685439279131,0.0,0.0003076813950425288
3W,D_ONLY,42,macro_f1,0.47965053805001456,-0.02118657726514317,0.003288411839078076
3W,D_ONLY,42,recall_macro,0.4519171300789939,-0.020474114276161137,0.0035972472640775632
3W,D_ONLY,42,auprc_fault_vs_normal,0.7665460764612774,-0.01731563123878399,-0.01251640193315362
3W,D_ONLY,42,auprc_multiclass_macro,0.5293956768235498,0.005038046882177349,0.012886418439997382
3W,D_ONLY,42,far,0.43882016470831464,0.09434547396712722,6.89156128320656e-05
3W,D_ONLY,42,early_recall,0.9064592359196534,0.009733865976481182,0.004557474821358265
3W,D_ONLY,42,mean_detection_delay_seconds,232.5,-683.6363636363636,-733.0909090909091
3W,D_ONLY,42,class_2_recall,0.28178998670801947,0.0,0.0
3W,D_ONLY,42,class_8_recall,0.9550435259024777,0.012449016862482565,0.014457904669142319
3W,D_ONLY,42,class_9_recall,0.009655172413793104,0.0,0.0
3W,D_ONLY,42,class_2_f1,0.4323589394969409,0.0037875109255123274,0.0024839817409422205
3W,D_ONLY,42,class_8_f1,0.8076343933797506,-0.022996599713523747,0.0071784997894590585
3W,D_ONLY,42,class_9_f1,0.014280856851411085,7.246713557887939e-05,0.001357779928334163
3W,D_ONLY,43,macro_f1,0.5519142707246498,-0.0013276313972797604,0.03247413187174231
3W,D_ONLY,43,recall_macro,0.5458571657610662,-0.025241314568659412,0.09289208852474096
3W,D_ONLY,43,auprc_fault_vs_normal,0.8820311315104368,-0.0031094429149269853,0.00392815426858939
3W,D_ONLY,43,auprc_multiclass_macro,0.6637750943082781,-0.00103688976976557,-0.002350054076660335
3W,D_ONLY,43,far,0.4904035009131319,-0.007063850315288889,0.017056614175941565
3W,D_ONLY,43,early_recall,0.9334383615596692,-0.009171214763967761,0.01851122489168966
3W,D_ONLY,43,mean_detection_delay_seconds,344.9047619047619,7.619047619047649,22.85714285714289
3W,D_ONLY,43,class_2_recall,0.47851129818342936,0.03057155516171911,0.08462560921577317
3W,D_ONLY,43,class_8_recall,0.8325622450843124,-0.0006696292688865846,9.131308212095846e-05
3W,D_ONLY,43,class_9_recall,0.3627586206896552,-0.13793103448275862,0.30390804597701154
3W,D_ONLY,43,class_2_f1,0.625,0.019973070017953343,0.06393972862101605
3W,D_ONLY,43,class_8_f1,0.861728939575326,0.0012046091339831255,0.0041067636922260675
3W,D_ONLY,43,class_9_f1,0.08116866416336609,-0.028026161866915672,0.06716198910728467
3W,D_ONLY,44,macro_f1,0.5068918550795625,0.10075434870928496,0.14020450679785362
3W,D_ONLY,44,recall_macro,0.4806071389744591,0.12554468115642003,0.1783532327920182
3W,D_ONLY,44,auprc_fault_vs_normal,0.8795073577194736,0.4112084648886923,0.3414814782603196
3W,D_ONLY,44,auprc_multiclass_macro,0.4981540410510284,0.1328303520001603,0.17492443818138426
3W,D_ONLY,44,far,0.19554805141104717,-0.11819027600702939,-0.1786292684607698
3W,D_ONLY,44,early_recall,0.8296573454115793,0.13697743768637816,0.09719799696168341
3W,D_ONLY,44,mean_detection_delay_seconds,730.2173913043479,472.75905797101456,539.4257246376812
3W,D_ONLY,44,class_2_recall,0.281346920691183,0.00044306601683652413,0.002215330084182565
3W,D_ONLY,44,class_8_recall,0.8338710659280453,0.3835453826018141,0.5325683326231205
3W,D_ONLY,44,class_9_recall,0.002758620689655172,0.0,0.0
3W,D_ONLY,44,class_2_f1,0.39699906220693965,-0.025104799311036374,-0.03026441693853338
3W,D_ONLY,44,class_8_f1,0.8382211207490018,0.29400718710668594,0.4340153224639875
3W,D_ONLY,44,class_9_f1,0.002430133657351154,0.001610965113423241,0.00191864650846577
3W,E_ONLY,42,macro_f1,0.5005005420093325,-0.0003365733058252607,0.024138415798395985
3W,E_ONLY,42,recall_macro,0.47149799186626556,-0.0008932524888894955,0.023178109051349205
3W,E_ONLY,42,auprc_fault_vs_normal,0.7910375148686957,0.007175807168634307,0.011975036474264678
3W,E_ONLY,42,auprc_multiclass_macro,0.5352603578868118,0.010902727945439339,0.018751099503259372
3W,E_ONLY,42,far,0.32759036559732607,-0.016884325143861345,-0.1111608834981565
3W,E_ONLY,42,early_recall,0.8881730715129691,-0.008552298430203109,-0.013728689585326026
3W,E_ONLY,42,mean_detection_delay_seconds,939.4090909090909,23.272727272727252,-26.181818181818244
3W,E_ONLY,42,class_2_recall,0.28178998670801947,0.0,0.0
3W,E_ONLY,42,class_8_recall,0.9225969440555184,-0.01999756498447669,-0.017988677177816936
3W,E_ONLY,42,class_9_recall,0.009195402298850575,-0.0004597701149425294,-0.0004597701149425294
3W,E_ONLY,42,class_2_f1,0.4242828552368246,-0.004288573334603973,-0.00559210251917408
3W,E_ONLY,42,class_8_f1,0.8290754923413567,-0.0015555007519176822,0.028619598751065123
3W,E_ONLY,42,class_9_f1,0.01119507416736636,-0.0030133155484658464,-0.0017280027557105629
3W,E_ONLY,43,macro_f1,0.5317152811326307,-0.021526620989298917,0.01227514227972315
3W,E_ONLY,43,recall_macro,0.5025732249172272,-0.06852525541249843,0.04960814768090194
3W,E_ONLY,43,auprc_fault_vs_normal,0.8811232774769149,-0.0040172969484488785,0.003020300235067497
3W,E_ONLY,43,auprc_multiclass_macro,0.6709771218402294,0.006165137762185746,0.004851973455290981
3W,E_ONLY,43,far,0.48533820336997346,-0.01212914785844732,0.011991316632783133
3W,E_ONLY,43,early_recall,0.928796489056434,-0.013813087267202984,0.013869352388454437
3W,E_ONLY,43,mean_detection_delay_seconds,311.3809523809524,-25.90476190476187,-10.666666666666629
3W,E_ONLY,43,class_2_recall,0.3961010190518387,-0.05183872396987155,0.0022153300841825097
3W,E_ONLY,43,class_8_recall,0.8333231874353199,9.131308212084743e-05,0.0008522554331283905
3W,E_ONLY,43,class_9_recall,0.26620689655172414,-0.23448275862068968,0.20735632183908045
3W,E_ONLY,43,class_2_f1,0.5665399239543726,-0.038487006027674076,0.005479652575388627
3W,E_ONLY,43,class_8_f1,0.8578545802064892,-0.0026697502348537183,0.00023240432338922368
3W,E_ONLY,43,class_9_f1,0.06067910291343534,-0.04851572311684642,0.046672427857353926
3W,E_ONLY,44,macro_f1,0.35611735726515864,-0.05002014910511887,-0.010569991016550206
3W,E_ONLY,44,recall_macro,0.3012366181130304,-0.053825839705008705,-0.001017288069410538
3W,E_ONLY,44,auprc_fault_vs_normal,0.4603699533385201,-0.007928939492261255,-0.07765592612063393
3W,E_ONLY,44,auprc_multiclass_macro,0.31793094954142354,-0.04739273950944456,-0.005298653328220604
3W,E_ONLY,44,far,0.3393404775851969,0.025602150167120363,-0.03483684228662004
3W,E_ONLY,44,early_recall,0.6736341641816238,-0.019045743543577354,-0.0588251842682721
3W,E_ONLY,44,mean_detection_delay_seconds,529.4583333333334,272.00000000000006,338.66666666666674
3W,E_ONLY,44,class_2_recall,0.281346920691183,0.00044306601683652413,0.002215330084182565
3W,E_ONLY,44,class_8_recall,0.2601814086564802,-0.19014427466975098,-0.04112132464844459
3W,E_ONLY,44,class_9_recall,0.002758620689655172,0.0,0.0
3W,E_ONLY,44,class_2_f1,0.42361574382921946,0.0015118823112434399,-0.003647735316253564
3W,E_ONLY,44,class_8_f1,0.36492486338797814,-0.1792890702543377,-0.03928093489703616
3W,E_ONLY,44,class_9_f1,0.0005352841466678562,-0.00028388439726005697,2.3796997782471853e-05
3W,S_ONLY,42,macro_f1,0.4682233134941231,-0.03261380182103463,-0.008138812716813382
3W,S_ONLY,42,recall_macro,0.4417942152314928,-0.030597029123662245,-0.0065256675834235445
3W,S_ONLY,42,auprc_fault_vs_normal,0.7690769910247597,-0.014784716675301679,-0.009985487369671309
3W,S_ONLY,42,auprc_multiclass_macro,0.5160545911514444,-0.008303038789928108,-0.0004546672321080747
3W,S_ONLY,42,far,0.48571723924054994,0.14124254849936252,0.04696599014506736
3W,S_ONLY,42,early_recall,0.9153772576379902,0.01865188769481796,0.013475496539695042
3W,S_ONLY,42,mean_detection_delay_seconds,52.13636363636363,-864.0,-913.4545454545455
3W,S_ONLY,42,class_2_recall,0.281346920691183,-0.0004430660168364686,-0.0004430660168364686
3W,S_ONLY,42,class_8_recall,0.961892007061545,0.019297498021549897,0.02130638582820965
3W,S_ONLY,42,class_9_recall,0.009655172413793104,0.0,0.0
3W,S_ONLY,42,class_2_f1,0.4321197686287853,0.003548340057356769,0.0022448108727866622
3W,S_ONLY,42,class_8_f1,0.7959199093313185,-0.03471108376195586,-0.004535984258973058
3W,S_ONLY,42,class_9_f1,0.014388489208633094,0.00018009949280088818,0.0014654122855561717
3W,S_ONLY,43,macro_f1,0.47691535397454615,-0.07632654814738343,-0.042524784878361366
3W,S_ONLY,43,recall_macro,0.413904402042516,-0.15719407828720966,-0.03906067519380929
3W,S_ONLY,43,auprc_fault_vs_normal,0.8922941332061144,0.007153558780750635,0.01419115596426701
3W,S_ONLY,43,auprc_multiclass_macro,0.6306639791933909,-0.03414800488465275,-0.035461169191547515
3W,S_ONLY,43,far,0.4666276144860618,-0.03083973674235896,-0.006719272251128505
3W,S_ONLY,43,early_recall,0.8452990491194509,-0.09731052720418609,-0.06962808754852867
3W,S_ONLY,43,mean_detection_delay_seconds,168.5,-168.78571428571428,-153.54761904761904
3W,S_ONLY,43,class_2_recall,0.28178998670801947,-0.16614975631369078,-0.11209570225963672
3W,S_ONLY,43,class_8_recall,0.8303402934193705,-0.0028915809338284637,-0.0021306385828209207
3W,S_ONLY,43,class_9_recall,0.010114942528735632,-0.4905747126436782,-0.04873563218390804
3W,S_ONLY,43,class_2_f1,0.4320652173913043,-0.17296171259074233,-0.12899505398767963
3W,S_ONLY,43,class_8_f1,0.8586852169533672,-0.0018391134879757187,0.0010630410702672233
3W,S_ONLY,43,class_9_f1,0.0027989821882951653,-0.1063958438419866,-0.011207692867786247
3W,S_ONLY,44,macro_f1,0.3197264821412573,-0.0864110242290202,-0.04696086614045153
3W,S_ONLY,44,recall_macro,0.2779421600704629,-0.07712029774757617,-0.024311746111978005
3W,S_ONLY,44,auprc_fault_vs_normal,0.4966173080169537,0.02831841518617234,-0.04140857144220034
3W,S_ONLY,44,auprc_multiclass_macro,0.3088463356936822,-0.0564773533571859,-0.014383267175961945
3W,S_ONLY,44,far,0.34854071189828056,0.03480238448020401,-0.025636607973536396
3W,S_ONLY,44,early_recall,0.5977043830529455,-0.09497552467225567,-0.13475496539695042
3W,S_ONLY,44,mean_detection_delay_seconds,459.9130434782609,202.45471014492756,269.12137681159425
3W,S_ONLY,44,class_2_recall,0.281346920691183,0.00044306601683652413,0.002215330084182565
3W,S_ONLY,44,class_8_recall,0.17620381079929384,-0.2741218725269373,-0.12509892250563096
3W,S_ONLY,44,class_9_recall,0.002758620689655172,0.0,0.0
3W,S_ONLY,44,class_2_f1,0.42066909572706196,-0.001434765790914061,-0.006594383418411065
3W,S_ONLY,44,class_8_f1,0.25552858088722136,-0.2886853527550945,-0.14867721739779294
3W,S_ONLY,44,class_9_f1,0.0005583992554676594,-0.0002607692884602537,4.69121065822751e-05
TEP,UNIFORM,7,macro_f1,0.8894703650022682,-0.002522014545421114,0.0
TEP,UNIFORM,7,auprc,0.9314254491347816,-0.00021037619284902664,0.0
TEP,UNIFORM,7,fault_recall,0.8021276595744681,0.004255319148936176,0.0
TEP,UNIFORM,7,far,0.0375,0.0078125,0.0
TEP,UNIFORM,7,early_recall,0.79375,0.0,0.0
TEP,UNIFORM,7,mean_detection_delay_samples,103.0,0.0,0.0
TEP,UNIFORM,7,detected_rate,0.85,0.0,0.0
TEP,UNIFORM,7,missed_runs,6.0,0.0,0.0
TEP,UNIFORM,42,macro_f1,0.8833220753916375,-0.003148157701093446,0.0
TEP,UNIFORM,42,auprc,0.9308804677712986,-0.0006439923157723904,0.0
TEP,UNIFORM,42,fault_recall,0.8106382978723404,-0.005851063829787284,0.0
TEP,UNIFORM,42,far,0.055078125,0.0007812499999999972,0.0
TEP,UNIFORM,42,early_recall,0.78125,-0.006249999999999978,0.0
TEP,UNIFORM,42,mean_detection_delay_samples,121.97142857142858,0.0,0.0
TEP,UNIFORM,42,detected_rate,0.875,0.0,0.0
TEP,UNIFORM,42,missed_runs,5.0,0.0,0.0
TEP,UNIFORM,2026,macro_f1,0.8810042502479886,2.728724960199269e-05,0.0
TEP,UNIFORM,2026,auprc,0.9194835723399148,-1.4145103292007022e-06,0.0
TEP,UNIFORM,2026,fault_recall,0.7654255319148936,0.0005319148936170359,0.0
TEP,UNIFORM,2026,far,0.022265625,0.0003906250000000021,0.0
TEP,UNIFORM,2026,early_recall,0.7375,0.0,0.0
TEP,UNIFORM,2026,mean_detection_delay_samples,126.05882352941177,0.0,0.0
TEP,UNIFORM,2026,detected_rate,0.85,0.0,0.0
TEP,UNIFORM,2026,missed_runs,6.0,0.0,0.0
TEP,W/O_D,7,macro_f1,0.891495855913463,-0.0004965236342262536,0.0020254909111948605
TEP,W/O_D,7,auprc,0.9315328561083284,-0.00010296921930230685,0.0001074069735467198
TEP,W/O_D,7,fault_recall,0.7968085106382978,-0.0010638297872340718,-0.005319148936170248
TEP,W/O_D,7,far,0.0296875,0.0,-0.0078125
TEP,W/O_D,7,early_recall,0.79375,0.0,0.0
TEP,W/O_D,7,mean_detection_delay_samples,103.0,0.0,0.0
TEP,W/O_D,7,detected_rate,0.85,0.0,0.0
TEP,W/O_D,7,missed_runs,6.0,0.0,0.0
TEP,W/O_D,42,macro_f1,0.8861176675159452,-0.0003525655767857572,0.0027955921243076887
TEP,W/O_D,42,auprc,0.9313207458251141,-0.0002037142619568666,0.00044027805381552376
TEP,W/O_D,42,fault_recall,0.8132978723404255,-0.0031914893617022155,0.0026595744680850686
TEP,W/O_D,42,far,0.05234375,-0.001953125,-0.0027343749999999972
TEP,W/O_D,42,early_recall,0.78125,-0.006249999999999978,0.0
TEP,W/O_D,42,mean_detection_delay_samples,121.97142857142858,0.0,0.0
TEP,W/O_D,42,detected_rate,0.875,0.0,0.0
TEP,W/O_D,42,missed_runs,5.0,0.0,0.0
TEP,W/O_D,2026,macro_f1,0.8810042502479886,2.728724960199269e-05,0.0
TEP,W/O_D,2026,auprc,0.9194456132916435,-3.9373558600508396e-05,-3.7959048271307694e-05
TEP,W/O_D,2026,fault_recall,0.7654255319148936,0.0005319148936170359,0.0
TEP,W/O_D,2026,far,0.022265625,0.0003906250000000021,0.0
TEP,W/O_D,2026,early_recall,0.7375,0.0,0.0
TEP,W/O_D,2026,mean_detection_delay_samples,126.05882352941177,0.0,0.0
TEP,W/O_D,2026,detected_rate,0.85,0.0,0.0
TEP,W/O_D,2026,missed_runs,6.0,0.0,0.0
TEP,W/O_E,7,macro_f1,0.892689130244059,0.0006967506963697634,0.0032187652417908774
TEP,W/O_E,7,auprc,0.9358703357941127,0.004234510466482044,0.004444886659331071
TEP,W/O_E,7,fault_recall,0.8037234042553192,0.005851063829787284,0.0015957446808511078
TEP,W/O_E,7,far,0.033203125,0.0035156250000000014,-0.004296874999999999
TEP,W/O_E,7,early_recall,0.8125,0.018750000000000044,0.018750000000000044
TEP,W/O_E,7,mean_detection_delay_samples,101.58823529411765,-1.411764705882348,-1.411764705882348
TEP,W/O_E,7,detected_rate,0.85,0.0,0.0
TEP,W/O_E,7,missed_runs,6.0,0.0,0.0
TEP,W/O_E,42,macro_f1,0.8851566158429134,-0.0013136172498176002,0.0018345404512758456
TEP,W/O_E,42,auprc,0.9310197338821593,-0.0005047262049117096,0.00013926611086068075
TEP,W/O_E,42,fault_recall,0.8117021276595745,-0.004787234042553212,0.0010638297872340718
TEP,W/O_E,42,far,0.052734375,-0.0015625000000000014,-0.0023437499999999986
TEP,W/O_E,42,early_recall,0.78125,-0.006249999999999978,0.0
TEP,W/O_E,42,mean_detection_delay_samples,121.97142857142858,0.0,0.0
TEP,W/O_E,42,detected_rate,0.875,0.0,0.0
TEP,W/O_E,42,missed_runs,5.0,0.0,0.0
TEP,W/O_E,2026,macro_f1,0.880751639923302,-0.0002253230750846047,-0.0002526103246865974
TEP,W/O_E,2026,auprc,0.9194460337890015,-3.8953061242574805e-05,-3.75385509133741e-05
TEP,W/O_E,2026,fault_recall,0.7648936170212766,0.0,-0.0005319148936170359
TEP,W/O_E,2026,far,0.022265625,0.0003906250000000021,0.0
TEP,W/O_E,2026,early_recall,0.7375,0.0,0.0
TEP,W/O_E,2026,mean_detection_delay_samples,126.05882352941177,0.0,0.0
TEP,W/O_E,2026,detected_rate,0.85,0.0,0.0
TEP,W/O_E,2026,missed_runs,6.0,0.0,0.0
TEP,W/O_S,7,macro_f1,0.8912932099968898,-0.0006991695507995166,0.0018228449946215974
TEP,W/O_S,7,auprc,0.9313792308653496,-0.00025659446228110117,-4.621826943207452e-05
TEP,W/O_S,7,fault_recall,0.7973404255319149,-0.0005319148936170359,-0.004787234042553212
TEP,W/O_S,7,far,0.03046875,0.0007812500000000007,-0.007031249999999999
TEP,W/O_S,7,early_recall,0.79375,0.0,0.0
TEP,W/O_S,7,mean_detection_delay_samples,103.0,0.0,0.0
TEP,W/O_S,7,detected_rate,0.85,0.0,0.0
TEP,W/O_S,7,missed_runs,6.0,0.0,0.0
TEP,W/O_S,42,macro_f1,0.8859368167859327,-0.0005334163067982622,0.0026147413942951836
TEP,W/O_S,42,auprc,0.9316657035812499,0.0001412434941788776,0.000785235809951268
TEP,W/O_S,42,fault_recall,0.8143617021276596,-0.0021276595744681437,0.0037234042553191404
TEP,W/O_S,42,far,0.053515625,-0.0007812500000000042,-0.0015625000000000014
TEP,W/O_S,42,early_recall,0.78125,-0.006249999999999978,0.0
TEP,W/O_S,42,mean_detection_delay_samples,121.97142857142858,0.0,0.0
TEP,W/O_S,42,detected_rate,0.875,0.0,0.0
TEP,W/O_S,42,missed_runs,5.0,0.0,0.0
TEP,W/O_S,2026,macro_f1,0.880751639923302,-0.0002253230750846047,-0.0002526103246865974
TEP,W/O_S,2026,auprc,0.9194256308308096,-5.9356019434408935e-05,-5.794150910520823e-05
TEP,W/O_S,2026,fault_recall,0.7648936170212766,0.0,-0.0005319148936170359
TEP,W/O_S,2026,far,0.022265625,0.0003906250000000021,0.0
TEP,W/O_S,2026,early_recall,0.7375,0.0,0.0
TEP,W/O_S,2026,mean_detection_delay_samples,126.05882352941177,0.0,0.0
TEP,W/O_S,2026,detected_rate,0.85,0.0,0.0
TEP,W/O_S,2026,missed_runs,6.0,0.0,0.0
TEP,FULL_DES,7,macro_f1,0.8919923795476893,0.0,0.002522014545421114
TEP,FULL_DES,7,auprc,0.9316358253276307,0.0,0.00021037619284902664
TEP,FULL_DES,7,fault_recall,0.7978723404255319,0.0,-0.004255319148936176
TEP,FULL_DES,7,far,0.0296875,0.0,-0.0078125
TEP,FULL_DES,7,early_recall,0.79375,0.0,0.0
TEP,FULL_DES,7,mean_detection_delay_samples,103.0,0.0,0.0
TEP,FULL_DES,7,detected_rate,0.85,0.0,0.0
TEP,FULL_DES,7,missed_runs,6.0,0.0,0.0
TEP,FULL_DES,42,macro_f1,0.886470233092731,0.0,0.003148157701093446
TEP,FULL_DES,42,auprc,0.931524460087071,0.0,0.0006439923157723904
TEP,FULL_DES,42,fault_recall,0.8164893617021277,0.0,0.005851063829787284
TEP,FULL_DES,42,far,0.054296875,0.0,-0.0007812499999999972
TEP,FULL_DES,42,early_recall,0.7875,0.0,0.006249999999999978
TEP,FULL_DES,42,mean_detection_delay_samples,121.97142857142858,0.0,0.0
TEP,FULL_DES,42,detected_rate,0.875,0.0,0.0
TEP,FULL_DES,42,missed_runs,5.0,0.0,0.0
TEP,FULL_DES,2026,macro_f1,0.8809769629983866,0.0,-2.728724960199269e-05
TEP,FULL_DES,2026,auprc,0.919484986850244,0.0,1.4145103292007022e-06
TEP,FULL_DES,2026,fault_recall,0.7648936170212766,0.0,-0.0005319148936170359
TEP,FULL_DES,2026,far,0.021875,0.0,-0.0003906250000000021
TEP,FULL_DES,2026,early_recall,0.7375,0.0,0.0
TEP,FULL_DES,2026,mean_detection_delay_samples,126.05882352941177,0.0,0.0
TEP,FULL_DES,2026,detected_rate,0.85,0.0,0.0
TEP,FULL_DES,2026,missed_runs,6.0,0.0,0.0
TEP,D_ONLY,7,macro_f1,0.8888630904174893,-0.0031292891301999415,-0.0006072745847788275
TEP,D_ONLY,7,auprc,0.9312959741895755,-0.000339851138055125,-0.00012947494520609837
TEP,D_ONLY,7,fault_recall,0.8037234042553192,0.005851063829787284,0.0015957446808511078
TEP,D_ONLY,7,far,0.03984375,0.010156249999999999,0.0023437499999999986
TEP,D_ONLY,7,early_recall,0.79375,0.0,0.0
TEP,D_ONLY,7,mean_detection_delay_samples,103.0,0.0,0.0
TEP,D_ONLY,7,detected_rate,0.85,0.0,0.0
TEP,D_ONLY,7,missed_runs,6.0,0.0,0.0
TEP,D_ONLY,42,macro_f1,0.8921229979011865,0.005652764808455557,0.008800922509549003
TEP,D_ONLY,42,auprc,0.9313434701765444,-0.00018098991052661884,0.0004630024052457715
TEP,D_ONLY,42,fault_recall,0.8063829787234043,-0.01010638297872346,-0.004255319148936176
TEP,D_ONLY,42,far,0.036328125,-0.01796875,-0.018749999999999996
TEP,D_ONLY,42,early_recall,0.775,-0.012499999999999956,-0.006249999999999978
TEP,D_ONLY,42,mean_detection_delay_samples,121.97142857142858,0.0,0.0
TEP,D_ONLY,42,detected_rate,0.875,0.0,0.0
TEP,D_ONLY,42,missed_runs,5.0,0.0,0.0
TEP,D_ONLY,2026,macro_f1,0.8807242659276706,-0.00025269707071595704,-0.00027998432031794973
TEP,D_ONLY,2026,auprc,0.9193971605335534,-8.782631669068675e-05,-8.641180636148604e-05
TEP,D_ONLY,2026,fault_recall,0.7643617021276595,-0.0005319148936170359,-0.0010638297872340718
TEP,D_ONLY,2026,far,0.021875,0.0,-0.0003906250000000021
TEP,D_ONLY,2026,early_recall,0.7375,0.0,0.0
TEP,D_ONLY,2026,mean_detection_delay_samples,126.05882352941177,0.0,0.0
TEP,D_ONLY,2026,detected_rate,0.85,0.0,0.0
TEP,D_ONLY,2026,missed_runs,6.0,0.0,0.0
TEP,E_ONLY,7,macro_f1,0.8808809421366827,-0.01111143741100662,-0.008589422865585505
TEP,E_ONLY,7,auprc,0.9313334232139349,-0.00030240211369580994,-9.20259208467833e-05
TEP,E_ONLY,7,fault_recall,0.8164893617021277,0.018617021276595813,0.014361702127659637
TEP,E_ONLY,7,far,0.0640625,0.034374999999999996,0.026562499999999996
TEP,E_ONLY,7,early_recall,0.80625,0.012500000000000067,0.012500000000000067
TEP,E_ONLY,7,mean_detection_delay_samples,120.14285714285714,17.14285714285714,17.14285714285714
TEP,E_ONLY,7,detected_rate,0.875,0.025000000000000022,0.025000000000000022
TEP,E_ONLY,7,missed_runs,5.0,-1.0,-1.0
TEP,E_ONLY,42,macro_f1,0.8894895858757081,0.0030193527829771583,0.006167510484070604
TEP,E_ONLY,42,auprc,0.9314213336608159,-0.00010312642625509572,0.0005408658895172946
TEP,E_ONLY,42,fault_recall,0.8079787234042554,-0.008510638297872353,-0.0026595744680850686
TEP,E_ONLY,42,far,0.0421875,-0.012109374999999999,-0.012890624999999996
TEP,E_ONLY,42,early_recall,0.78125,-0.006249999999999978,0.0
TEP,E_ONLY,42,mean_detection_delay_samples,121.97142857142858,0.0,0.0
TEP,E_ONLY,42,detected_rate,0.875,0.0,0.0
TEP,E_ONLY,42,missed_runs,5.0,0.0,0.0
TEP,E_ONLY,2026,macro_f1,0.880751639923302,-0.0002253230750846047,-0.0002526103246865974
TEP,E_ONLY,2026,auprc,0.9193949229402882,-9.006390995580649e-05,-8.864939962660578e-05
TEP,E_ONLY,2026,fault_recall,0.7648936170212766,0.0,-0.0005319148936170359
TEP,E_ONLY,2026,far,0.022265625,0.0003906250000000021,0.0
TEP,E_ONLY,2026,early_recall,0.7375,0.0,0.0
TEP,E_ONLY,2026,mean_detection_delay_samples,126.05882352941177,0.0,0.0
TEP,E_ONLY,2026,detected_rate,0.85,0.0,0.0
TEP,E_ONLY,2026,missed_runs,6.0,0.0,0.0
TEP,S_ONLY,7,macro_f1,0.8897847174711485,-0.002207662076540773,0.0003143524688803412
TEP,S_ONLY,7,auprc,0.9312878418832996,-0.0003479834443310681,-0.00013760725148204145
TEP,S_ONLY,7,fault_recall,0.8042553191489362,0.00638297872340432,0.0021276595744681437
TEP,S_ONLY,7,far,0.038671875,0.008984375000000003,0.0011718750000000028
TEP,S_ONLY,7,early_recall,0.79375,0.0,0.0
TEP,S_ONLY,7,mean_detection_delay_samples,103.0,0.0,0.0
TEP,S_ONLY,7,detected_rate,0.85,0.0,0.0
TEP,S_ONLY,7,missed_runs,6.0,0.0,0.0
TEP,S_ONLY,42,macro_f1,0.872626109540294,-0.013844123552437027,-0.01069596585134358
TEP,S_ONLY,42,auprc,0.9332782655702072,0.0017538054831361949,0.0023977977989085852
TEP,S_ONLY,42,fault_recall,0.8388297872340426,0.022340425531914843,0.028191489361702127
TEP,S_ONLY,42,far,0.096484375,0.042187499999999996,0.04140625
TEP,S_ONLY,42,early_recall,0.78125,-0.006249999999999978,0.0
TEP,S_ONLY,42,mean_detection_delay_samples,140.33333333333334,18.361904761904768,18.361904761904768
TEP,S_ONLY,42,detected_rate,0.9,0.025000000000000022,0.025000000000000022
TEP,S_ONLY,42,missed_runs,4.0,-1.0,-1.0
TEP,S_ONLY,2026,macro_f1,0.8809769629983866,0.0,-2.728724960199269e-05
TEP,S_ONLY,2026,auprc,0.9194951979269186,1.02110766745378e-05,1.1625587003738502e-05
TEP,S_ONLY,2026,fault_recall,0.7648936170212766,0.0,-0.0005319148936170359
TEP,S_ONLY,2026,far,0.021875,0.0,-0.0003906250000000021
TEP,S_ONLY,2026,early_recall,0.7375,0.0,0.0
TEP,S_ONLY,2026,mean_detection_delay_samples,126.05882352941177,0.0,0.0
TEP,S_ONLY,2026,detected_rate,0.85,0.0,0.0
TEP,S_ONLY,2026,missed_runs,6.0,0.0,0.0
